1202									
0	2525.12	4084230	0.00498897	1.48666	2500	0.04151	1E-010	0.997525	2.97603
6	2421.21	4084110	0.251032	0.955043	2500.68	0.0367356	1E-010	1E-010	3.00007
12	2411.74	4083820	0.467718	0.941712	2496.69	0.0321169	1E-010	0.140229	2.99856
18	2673.4	4083630	0.667271	0.30218	2499.59	0.0276111	1.60473	0.854607	2.99608
24	2667.12	4083790	0.830915	1.05799	2495.63	0.0231769	1E-010	1E-010	3.01254
30	2462.62	4083500	0.981129	0.52594	2496.61	0.0191236	1E-010	1E-010	3.00336
36	2497.44	4083100	1.0951	0.482622	2498.09	0.0153653	1E-010	1.6088	3.00774
42	2428.04	4083210	1.18841	0.978123	2503.88	0.0118627	0.401225	1E-010	3.00455
48	2225.26	4082870	1.24465	0.151679	2508.38	0.00869521	1E-010	1E-010	3.00004
54	2640.71	4082930	1.3094	0.44474	2502.81	0.00564322	2.23315	2.42843	2.99629
60	2397.41	4082650	1.3299	0.459161	2510.74	0.00317536	2.43039	0.641669	3.00352
66	2540.53	4082610	1.35549	0.529681	2507.79	0.00095534	1.01065	0.165568	3.01316
72	2605.88	4082310	1.36182	0.0412881	2507.99	-0.000979407	1E-010	1.03687	3.00041
78	2573.46	4082230	1.36817	0.502692	2505.93	-0.00286487	1E-010	0.418991	2.99039
84	2502.63	4082060	1.33992	0.309427	2506.14	-0.00425277	1.49912	0.653032	2.9864
90	2619.04	4081990	1.31815	0.259459	2502.95	-0.00530636	1E-010	1.67495	2.99305
96	2361.57	4081810	1.27721	0.487445	2500.34	-0.00626748	2.38005	1.12662	3.01429
102	2492.85	4081630	1.24221	0.261567	2504.08	-0.00691062	1E-010	0.251597	3.0052
108	2751.4	4081640	1.20576	0.2825	2503.7	-0.007444	0.0339366	0.879099	2.99548
114	2337.87	4081630	1.16122	0.225833	2506.18	-0.00776037	1.2192	1.62346	2.99337
120	2561.74	4081580	1.12581	0.473472	2512.95	-0.00795295	1E-010	1E-010	2.99783
126	2281.8	4081130	1.07439	0.418906	2514.16	-0.00791278	0.0686224	0.278625	3.00606
132	2513.17	4080650	1.01323	0.758104	2514.13	-0.00781101	1E-010	2.025	2.99643
138	2460.11	4080590	0.992673	0.474382	2520.72	-0.00775232	1.37847	0.137317	2.9987
144	2381.4	4080740	0.943577	0.540009	2520.59	-0.00748627	1E-010	0.482658	3.01381
150	2372.32	4080690	0.900313	0.597936	2519.4	-0.00709543	0.763045	0.396342	3.0055
156	2426.47	4080780	0.864553	0.800787	2526.27	-0.00676165	0.108097	1.47119	3.00099
162	2440.14	4080340	0.820951	0.604524	2523.32	-0.0062912	0.104195	1.9605	2.98491
168	2583.3	4080070	0.785533	1.05091	2522.62	-0.00572091	0.358681	2.21148	3.00216
174	2383.75	4080240	0.755917	0.945149	2522.46	-0.00521233	1E-010	0.293839	2.98685
180	2584.21	4079970	0.720233	0.553469	2524.31	-0.00454709	1E-010	1.62036	3.00452
186	2509.11	4079300	0.696546	0.564324	2524.89	-0.00395623	0.481386	0.263958	2.98927
192	2516.79	4079360	0.669103	1.03707	2531.91	-0.00338877	2.52678	2.36348	2.99871
198	2662.84	4079400	0.657964	0.877489	2527.16	-0.00286379	0.27478	2.67886	3.00305
204	2474.1	4079150	0.633877	1.06949	2525.71	-0.0024082	1.16444	1.30553	2.99152
210	2479.06	4079160	0.632227	1.00447	2521.39	-0.00183018	0.877804	2.15392	3.0175
216	2215.08	4078560	0.620552	0.867805	2522.82	-0.00144198	1E-010	1.78045	3.00797
222	2548.85	4078950	0.606335	0.944335	2521.6	-0.00100831	0.436926	1.14133	3.01142
228	2608.51	4078760	0.605398	0.970104	2527.24	-0.000699788	0.151733	2.31788	2.99696
234	2589.74	4078700	0.602917	1.13348	2532.07	-0.000276227	0.184018	1.6849	3.01164
240	2559.89	4078480	0.590971	0.883302	2535.09	0.000143995	1.38469	2.39152	2.98171
246	2487.72	4078660	0.604311	0.873161	2538.56	0.000485964	0.727474	0.670746	2.9986
252	2417.66	4077810	0.605904	0.767885	2536.52	0.000621157	1E-010	0.913769	2.98829
258	2820.88	4077710	0.60741	1.23773	2539.61	0.000904856	1.14356	0.631794	2.98792
264	2606.14	4077890	0.605468	0.99996	2543.6	0.00113921	1E-010	1.23208	2.99248
270	2427.93	4077890	0.625049	1.06745	2545.14	0.00121071	0.36648	2.11717	3.00125
276	2484.05	4077730	0.629276	1.51476	2551.4	0.00127212	0.264692	1.39587	3.00351
282	2613.09	4077280	0.631037	0.976009	2547.97	0.00144214	1.15396	2.48099	2.99107
288	2410.87	4077670	0.642918	1.18877	2544.58	0.00153055	1.53198	2.36196	2.98734
294	2446.67	4077220	0.646823	1.34866	2552.55	0.00153446	1E-010	1.99794	3.01625
300	2778.12	4077450	0.663167	0.764102	2548.53	0.00142116	1E-010	1.34012	2.99707
306	2493.18	4076870	0.667772	1.27749	2556.28	0.00150061	1E-010	3.06147	3.00152
312	2571.32	4076690	0.683141	0.878374	2560.42	0.00157836	0.427969	1.62399	3.003
318	2484.66	4076410	0.689192	0.830185	2557.07	0.00160778	3.01017	2.27754	3.00482
324	2542.92	4076330	0.69288	0.738694	2559.15	0.00163418	1E-010	2.97945	2.99707
330	2409.81	4075830	0.698646	1.23513	2554.1	0.00164802	1E-010	1E-010	3.00665
336	2505.15	4076450	0.715079	0.785898	2551.75	0.00152335	0.526941	1.83936	3.00272
342	2570.79	4076230	0.728705	0.607394	2556.56	0.00145395	1E-010	2.139	2.99057
348	2705.89	4075890	0.735169	0.575842	2561.38	0.00129598	1.1848	1.9138	3.00468
354	2653	4075440	0.747511	0.929872	2561.42	0.00124134	1.01889	2.93173	3.00805
360	2464.32	4075890	0.744628	0.824575	2565.69	0.00105828	1.41779	2.02515	2.99132
366	2421.85	4075740	0.756431	1.21032	2571.94	0.000990509	0.398986	1.97029	2.98696
372	2618	4075460	0.767345	0.810141	2569.87	0.000923968	1E-010	0.364905	3.00647
378	2363.3	4074910	0.773866	0.660517	2569.92	0.000863444	0.581249	2.84008	2.99396
384	2660.99	4075130	0.773137	0.91907	2566.97	0.000732422	1E-010	1.79294	2.99528
390	2640.11	4074760	0.791148	0.695499	2565.65	0.000825895	1E-010	0.929017	3.00742
396	2534.7	4074660	0.796525	1.23897	2566.41	0.000883907	1E-010	3.69965	3.00858
402	2619.2	4074570	0.793601	0.798856	2564.44	0.000802403	0.0864416	0.691221	2.99432
408	2551.47	4074320	0.798036	0.75235	2563.97	0.000839471	1.85376	2.04278	2.99164
414	2514.32	4074020	0.79662	0.992679	2564.64	0.000805321	0.802823	2.0516	2.98622
420	2545.4	4074200	0.805253	0.812185	2563.25	0.000730674	0.746839	3.84837	3.00157
426	2500.57	4073780	0.815196	0.778913	2561.81	0.000595092	0.449413	2.65666	2.99822
432	2412.72	4073820	0.822291	0.687478	2555.34	0.000517588	1.44272	0.560033	3.0121
438	2580.46	4073910	0.817391	0.586767	2556.28	0.00047061	1E-010	2.79881	2.99588
444	2650.76	4073430	0.829429	0.961269	2556.48	0.000374083	1.78339	2.73082	2.99962
450	2665.62	4073310	0.836368	0.851398	2561.01	0.000275004	0.624624	2.01942	3.00567
456	2391.49	4073030	0.835055	0.674792	2565.29	0.00028135	0.00133498	3.61714	3.00056
462	2452.8	4073340	0.830333	0.931279	2560.49	0.000277433	0.313239	3.03707	3.00703
468	2630.59	4073140	0.833801	0.847028	2556.42	0.000360155	1E-010	2.38767	2.99235
474	2613.83	4072670	0.829227	1.11028	2559.33	0.000541044	0.501727	0.879531	3.00789
480	2591.39	4072510	0.831572	0.880754	2556.18	0.000515599	1E-010	0.489615	3.00151
486	2507.94	4072430	0.848088	1.04698	2571.98	0.000456507	1.17843	3.34076	3.00202
492	2544.77	4072290	0.833446	0.581939	2589.66	0.000496913	1E-010	2.99383	2.99321
498	2538.66	4072020	0.84646	1.30195	2610.24	0.000583239	1E-010	3.48413	2.99273
504	2539.64	4071910	0.854404	0.879041	2637.65	0.000540764	0.871499	1.13244	3.01531
510	2626.33	4071640	0.859215	0.720612	2659.07	0.000529348	1.38072	1.16369	3.01542
516	2775.37	4071640	0.857103	1.20904	2682.31	0.000527811	1E-010	1.58243	3.00243
522	2831.93	4071380	0.866423	1.02398	2711.86	0.000488941	0.0692067	1.54429	2.97638
528	2757.01	4071250	0.866527	0.775133	2730.42	0.000424031	1E-010	3.25608	2.99877
534	2653.35	4071210	0.871248	0.865501	2752.25	0.00061542	1.02962	2.40269	3.01078
540	2688.91	4071110	0.862098	0.951739	2777.83	0.000703628	1.29315	3.90379	2.993
546	2937.65	4070690	0.869277	0.767809	2805.51	0.000700122	2.083	2.54413	2.99605
552	2802.22	4070580	0.881877	0.794665	2826.73	0.000714849	1.24089	3.33001	3.00879
558	2805.28	4070650	0.87206	0.759616	2850.33	0.000848126	0.466452	2.95875	2.9959
564	2697.29	4070290	0.876938	0.788091	2869.16	0.000949719	1E-010	0.734614	3.00104
570	2775.27	4070060	0.875167	0.691979	2884.49	0.000951051	0.256289	2.38922	3.01402
576	3008.38	4069710	0.883973	0.93274	2905.6	0.000950777	0.273788	2.70071	3.01817
582	3100.08	4069920	0.886872	0.910694	2930.45	0.00100396	1.3935	3.75279	2.99898
588	2794.76	4069750	0.896765	1.0668	2955	0.00102025	0.859295	4.04188	2.98618
594	2975.26	4069340	0.908369	1.02589	2978.8	0.000883007	1.5523	3.39	2.99672
600	3141.11	4069170	0.907511	1.24874	3003.15	0.000941335	1.13944	4.72066	3.00309
606	3239.68	4068960	0.923487	1.31149	3021.06	0.000886162	1.13261	1.81743	2.99757
612	3068.07	4068910	0.922303	0.86635	3046.52	0.000794699	1.97161	2.25543	3.00269
618	3068.62	4068570	0.927936	0.842744	3062.21	0.000763032	0.41791	4.4588	2.98186
624	3010.92	4068380	0.939104	0.842656	3083.38	0.000819919	1.47106	4.75592	2.99944
630	3144.78	4068400	0.948839	1.14636	3107.77	0.000758139	1E-010	3.71982	2.99623
636	3313.23	4067710	0.955218	0.810748	3123.79	0.000693403	0.20744	2.71626	3.00414
642	3019.15	4067870	0.953745	0.97964	3142.59	0.000783434	0.776885	3.65165	3.00881
648	3355.93	4067510	0.952821	1.063	3157.44	0.000846063	0.03126	2.88336	2.99934
654	3104.44	4067290	0.973683	1.32402	3181.95	0.000822516	1E-010	4.27232	3.0059
660	3256.38	4066880	0.967639	0.753062	3204.2	0.000767018	2.28503	4.87454	3.00214
666	3311.44	4066730	0.972447	0.755136	3221.04	0.000744482	0.460285	3.35819	2.99866
672	3280.29	4066430	0.984147	0.939336	3239.41	0.000719032	1E-010	3.40072	3.00298
678	3185.45	4066280	0.984308	1.08951	3259.63	0.000818655	1.45068	3.06095	3.00951
684	3226.74	4066080	0.991633	0.995602	3285.54	0.000785311	1E-010	4.23469	2.98244
690	3427.57	4065460	1.00469	0.889719	3301.05	0.000869758	0.989997	3.89629	3.0287
696	3289.35	4065470	1.00059	0.501711	3317.57	0.00088333	1.28821	4.83717	3.01515
702	3142.76	4065320	1.01051	0.738523	3343.72	0.000875666	1.90323	4.9569	2.99788
708	3333.39	4064950	1.01575	1.32705	3367.76	0.000791995	2.07731	4.70314	2.98786
714	3423.79	4064910	1.01866	0.685365	3392.02	0.000781482	1.05384	3.63271	2.9917
720	3448.75	4064540	1.02779	1.04063	3416.2	0.000812623	1.56184	4.0366	3.00158
726	3466.2	4064400	1.03453	0.897395	3436.72	0.000717725	2.32605	4.32532	3.00846
732	3578.11	4064540	1.03858	0.79973	3452.1	0.000769541	0.929671	5.9991	3.00318
738	3574.11	4063940	1.04233	0.670935	3477.56	0.000760153	1.58167	2.75794	2.99298
744	3408.99	4063700	1.04287	0.887352	3495.88	0.000959362	1.02975	2.14798	3.00444
750	3523.48	4063400	1.04402	0.678639	3518.87	0.000927664	2.60198	5.84466	3.00873
756	3680.24	4063070	1.07037	1.37014	3543.27	0.000927047	1.00306	3.47803	2.99039
762	3574.53	4062780	1.07199	1.02346	3568.71	0.000851241	1.23351	3.04351	3.01278
768	3424.45	4062370	1.07472	0.790509	3593.75	0.000849898	0.423808	5.61663	3.00689
774	3890.18	4062100	1.0883	0.998786	3612.97	0.000844602	0.965055	4.56494	3.00986
780	3641.45	4062110	1.09324	0.859785	3634.86	0.000789488	1.12429	4.68557	2.99946
786	3635.33	4061650	1.10803	0.756739	3659.15	0.000739929	1.17197	2.62943	3.01037
792	3735.46	4061650	1.10443	0.730488	3675.93	0.000773343	1.81791	3.80882	3.00831
798	3494.03	4061300	1.11408	1.03823	3701.43	0.000861862	1.66095	4.6267	3.006
804	3835.17	4060720	1.10222	0.841862	3725.02	0.000989807	0.967023	4.89617	3.00004
810	3784.86	4060610	1.10213	0.883483	3747.54	0.00119851	1E-010	4.29956	2.99128
816	4075.14	4060060	1.10871	1.17487	3769.05	0.00125457	0.754294	6.00625	2.99638
822	3712.31	4060050	1.12938	1.18462	3794.83	0.00128566	1.77613	4.76493	3.00359
828	3768.04	4059820	1.13579	1.04227	3820.15	0.00131984	2.01863	5.96059	3.00791
834	3967.78	4059330	1.14351	1.17634	3847.01	0.00135044	1.45149	3.54851	3.0005
840	3943.68	4058970	1.15279	0.805606	3869.48	0.00126907	1.38854	3.51954	2.99351
846	3779.91	4058530	1.16196	0.945623	3889.57	0.00130167	1E-010	6.03677	3.00261
852	3959.53	4058690	1.17089	0.733913	3913.3	0.00128241	0.517211	5.31572	3.00179
858	3892.34	4058090	1.16865	0.769147	3937.96	0.00126037	1.3568	4.83612	2.99787
864	4060.83	4058310	1.18979	1.0929	3963.81	0.00119092	0.910286	5.6994	2.99333
870	3887.63	4057700	1.18846	0.933823	3981.24	0.00126979	1.77968	6.00174	3.00154
876	4099.43	4057350	1.18854	0.827641	4007.29	0.00141118	1.96144	6.23434	3.00887
882	3841.88	4056910	1.21632	1.34513	4025.66	0.00132078	1.56955	4.21171	3.0028
888	3983.39	4056940	1.20943	1.05085	4055.04	0.00137248	2.17323	4.97852	3.01748
894	4204.04	4056650	1.21496	0.947777	4081.6	0.00146782	2.94023	5.95037	3.00578
900	4083.42	4055790	1.22124	0.773905	4102.71	0.00149315	3.45293	5.10975	3.00149
906	4065.58	4055630	1.24016	1.2956	4119.83	0.00138159	1.48021	6.22376	2.99616
912	4026.75	4055270	1.25108	1.3027	4143.94	0.00145038	0.606191	6.59186	3.00776
918	3970.57	4055160	1.25094	0.933612	4163.9	0.0015403	2.42625	4.68729	2.98641
924	4241	4054750	1.25564	1.14865	4184.99	0.00156417	1.12615	5.91027	2.99214
930	4430.11	4054050	1.26864	1.21524	4205.23	0.0015711	2.10988	5.58013	2.97414
936	4203.37	4053700	1.2921	0.920955	4231.12	0.0014922	2.13015	4.13376	3.00113
942	3950.2	4053390	1.29352	0.970537	4247.92	0.00148533	1.28339	6.00441	2.99715
948	4287.79	4053080	1.30299	0.947062	4268.45	0.00143743	1.66646	5.00912	2.99323
954	4094.63	4052600	1.31617	1.09635	4293.55	0.00152428	0.153168	4.63655	3.00007
960	4479.29	4052810	1.33073	0.877867	4320.87	0.00136285	2.13096	5.77609	3.00236
966	4128.14	4052300	1.33296	1.08356	4337.78	0.00143837	2.76712	7.17915	2.98889
972	4233.45	4051980	1.33228	0.452804	4364.97	0.00143135	1.5345	7.0397	2.99643
978	4459.86	4051310	1.33691	1.00587	4383.71	0.00153059	1.72879	5.45699	3.01489
984	4376.36	4051300	1.35015	0.554714	4409.14	0.00151788	1E-010	6.13272	2.98992
990	4488.81	4050870	1.36273	1.19273	4432.19	0.00140546	3.38439	5.82489	3.00097
996	4417.32	4050440	1.37337	0.720878	4456.67	0.00144027	2.9687	4.99388	2.99885
1002	4247.17	4050150	1.38375	0.415109	4481.42	0.0013603	2.24964	7.04218	2.99406
1008	4548.92	4049710	1.39521	0.995476	4503.02	0.00134288	3.13403	5.93712	2.99071
1014	4245.56	4049220	1.40071	1.26086	4523.23	0.00135497	2.00584	6.1058	3.00978
1020	4448.58	4048970	1.40864	0.743845	4542.21	0.00131325	1.67223	7.02386	2.99124
1026	4520.71	4048800	1.41692	0.838676	4563.82	0.0014559	2.02573	7.00399	2.99298
1032	4535.79	4048480	1.42172	0.883256	4587.72	0.00148699	1.25388	6.38123	2.99841
1038	4563.5	4047900	1.44156	0.561039	4602.98	0.00153179	0.826521	6.30612	3.00155
1044	4718.02	4047850	1.43642	1.34859	4623.14	0.001573	2.91516	6.8582	3.01163
1050	4676.69	4046640	1.44223	0.802581	4641.32	0.00164775	2.02344	5.21321	2.99971
1056	4542.45	4046530	1.44916	0.857599	4662.22	0.00173647	3.36877	6.03309	2.987
1062	4784.14	4045970	1.46138	0.639965	4680.95	0.00168601	2.81685	6.52897	2.98758
1068	4609.62	4046030	1.47389	0.948381	4702.74	0.00167009	4.00611	8.76793	3.01
1074	4726.46	4045480	1.48624	0.695392	4727.73	0.0016603	2.52026	5.17525	2.98971
1080	4703.59	4045280	1.50223	1.16329	4743.43	0.00162715	2.21254	6.27139	3.02223
1086	4821.23	4045000	1.52587	1.06482	4767.04	0.00161627	2.17984	6.83585	3.0096
1092	4979.78	4044240	1.50741	0.874128	4794.72	0.00177304	1.1212	8.75482	3.00659
1098	4844.52	4043840	1.5272	1.18853	4816.46	0.00167967	1.65549	7.79082	3.01383
1104	4725.15	4043370	1.54652	0.622158	4843.48	0.00149274	1.5057	8.00567	3.00537
1110	5072.86	4043210	1.55565	1.00945	4867.12	0.00140712	2.00556	6.86146	2.98548
1116	4951.6	4042820	1.57671	0.971934	4882.07	0.00143683	2.13753	6.87204	2.99733
1122	5046.4	4042190	1.57853	0.900591	4908.26	0.00159253	3.31255	8.50978	3.00831
1128	4914.15	4041320	1.58235	0.930742	4924.9	0.00167147	2.11718	7.72848	3.00754
1134	4933.72	4041380	1.5955	0.838749	4944.1	0.00171786	4.90606	6.15207	2.98697
1140	4739.54	4040930	1.6101	0.958297	4961.35	0.00179205	2.8825	8.21302	2.99259
1146	4998.84	4040710	1.60109	0.663351	4985.77	0.00195005	1.4017	8.05323	3.00286
1152	5041.32	4039790	1.61208	0.817842	5007.38	0.0019214	3.97754	9.77683	3.00234
1158	5212.51	4039640	1.63526	0.889492	5025.55	0.00188163	2.73286	7.65506	3.0009
1164	4886.63	4039130	1.63976	0.574382	5049.27	0.0018805	0.166034	6.92823	2.99279
1170	4923.66	4038740	1.65076	0.651965	5067.31	0.00196539	3.35036	8.30374	3.00301
1176	4987.8	4038280	1.66866	0.938116	5089.69	0.0019064	1.61086	6.48394	3.00822
1182	5020.38	4037700	1.67448	0.740567	5113.73	0.00191733	5.1613	8.69652	2.98736
1188	4992.68	4037350	1.6884	0.891728	5132.06	0.00190094	5.37982	8.40526	2.99645
1194	5091.82	4037010	1.69445	0.900419	5159.23	0.00194827	1.28795	10.6633	3.00535
1200	5176.66	4036560	1.7127	1.01042	5178.52	0.00191819	1.84983	8.1758	3.00285
1206	5309.3	4036040	1.731	0.728306	5174.61	0.00182729	4.40789	9.02511	2.99261
1212	4987.23	4035790	1.72692	0.847263	5171.25	0.00190674	3.62952	5.46249	2.98617
1218	5208.32	4035290	1.7474	1.10636	5172.72	0.00187305	2.05314	8.1054	3.00469
1224	5219.92	4034190	1.75553	0.713096	5177.08	0.0017832	5.11808	9.14652	3.01425
1230	5251.69	4034230	1.77076	0.687872	5173.25	0.00186881	4.90791	9.0531	2.99629
1236	4982.55	4033690	1.77907	0.927443	5176.16	0.00189383	3.29945	6.92934	3.00011
1242	5120.28	4033190	1.78318	0.844616	5181.59	0.00180887	4.06802	7.60696	3.00211
1248	5204.1	4032860	1.7965	0.686823	5181.07	0.00178449	5.42531	9.81896	2.99293
1254	5328.14	4032220	1.81723	1.09598	5184.2	0.00183141	5.09599	8.97882	2.99819
1260	5242.65	4032100	1.81604	0.829986	5182.74	0.00189189	5.01011	8.41818	2.99504
1266	5311.05	4031270	1.83969	0.6549	5186	0.00194841	5.51252	8.66827	3.00179
1272	5242	4031260	1.83787	1.10347	5187.36	0.00209962	3.49265	8.42758	2.99935
1278	5151.01	4030760	1.85349	1.14062	5186.02	0.00204622	3.27373	7.75687	2.99709
1284	5210.51	4030130	1.87025	0.889684	5185.79	0.00209083	4.61888	9.72178	3.01873
1290	4954.45	4029370	1.87727	0.949032	5192.17	0.002126	3.49372	6.5829	2.99747
1296	5321.69	4029100	1.87807	1.07854	5191.19	0.00218328	5.0565	8.67923	3.00703
1302	5488.31	4028600	1.91075	0.687694	5191.16	0.00203815	4.45657	7.71683	3.01432
1308	5188.66	4028380	1.92012	0.91228	5186.75	0.00204442	3.60469	8.87372	3.00875
1314	5001.31	4027610	1.92946	0.516638	5194.59	0.00189311	5.24475	10.6577	3.00571
1320	5287.04	4027240	1.94609	0.960777	5198.31	0.00178436	3.92321	11.4774	3.00391
1326	5364.29	4026420	1.96751	0.588788	5199.46	0.00178996	2.20594	9.90938	3.00272
1332	5394.06	4025970	1.95321	0.871353	5195.19	0.00189189	4.56787	10.2853	2.98153
1338	5061.87	4026180	1.96769	0.872941	5200.02	0.00191342	3.61524	9.52182	3.0211
1344	5392.64	4025270	1.99632	0.828755	5198.79	0.00185753	5.36833	11.423	2.99905
1350	5175.38	4024970	2.00911	0.678908	5195.84	0.00182188	5.47213	9.19556	2.9994
1356	4943.68	4024460	2.01111	1.18742	5192.62	0.00189258	4.06673	8.38144	2.99821
1362	5341.61	4023920	2.02656	0.58327	5196.78	0.00178475	4.98733	9.34258	2.96971
1368	5306.42	4023920	2.03698	1.18575	5199.17	0.00174665	6.67612	10.7365	3.00604
1374	5330.83	4023200	2.05479	1.0414	5199.6	0.0018544	4.23676	9.05	2.98443
1380	5396.54	4022570	2.049	0.92377	5198.61	0.0019443	4.20779	11.4167	2.99105
1386	5140.36	4022480	2.04812	1.10277	5201.15	0.00205154	5.14649	9.84464	2.99671
1392	5181.75	4021530	2.07428	0.839349	5205.08	0.00195443	4.39467	9.17608	3.01064
1398	5241.45	4020950	2.09451	0.67845	5207.67	0.00188455	4.57471	9.41833	3.00641
1404	5305.02	4020710	2.10397	0.95074	5205.04	0.00181804	4.4686	9.99893	2.98823
1410	5285.4	4020350	2.11984	1.01071	5205.11	0.00169622	5.96219	10.2136	2.99207
1416	5150.23	4019880	2.1327	1.07962	5206.3	0.00158986	4.14857	10.9583	3.01253
1422	5226.45	4019280	2.15024	0.686016	5207.48	0.00161779	4.17857	9.90565	2.98909
1428	5315.36	4019040	2.1451	1.24561	5209	0.00167641	4.41241	10.0491	2.99705
1434	5209.1	4018730	2.17726	0.942436	5204.3	0.00161463	3.5415	10.2707	2.99098
1440	5294.76	4017890	2.16382	1.05352	5208.25	0.00169335	6.32681	10.126	3.01602
1446	5013.95	4017390	2.18195	0.975573	5213.97	0.00171321	4.59012	12.0643	3.00146
1452	5239.76	4017140	2.19346	0.995252	5209.66	0.00169173	5.1288	10.274	3.00729
1458	5208.9	4016840	2.19872	0.748998	5208.51	0.00176774	3.44235	8.55176	3.00675
1464	5095.62	4016100	2.20605	0.678077	5204.14	0.00180081	4.53366	10.1259	2.99951
1470	5355.13	4015640	2.21738	1.04454	5206.56	0.00179605	5.32961	10.968	3.01393
1476	5038.01	4015220	2.23649	1.15096	5214.07	0.00173329	3.19563	9.41659	3.021
1482	5028.08	4014520	2.25423	0.874815	5215.21	0.00181984	4.00158	8.84973	2.9935
1488	5401.4	4014710	2.25566	1.00401	5221.1	0.00196006	4.34358	9.58807	2.995
1494	5208.33	4013800	2.2617	1.34384	5225.83	0.002007	6.85728	11.1406	3.0022
1500	5267.79	4013210	2.26494	0.806911	5225.08	0.00211961	3.44494	11.2063	3.01028
1506	5360.21	4013390	2.27284	0.637997	5228.08	0.00210358	4.33045	11.6613	3.02534
1512	5361.13	4012700	2.29417	0.87067	5226.02	0.00200047	3.54343	9.88768	2.99895
1518	5333.83	4011930	2.30902	1.18659	5226.95	0.00196658	5.89185	10.1232	3.01556
1524	5208.53	4011060	2.32724	0.882345	5226.42	0.0019871	4.7452	10.9225	3.01075
1530	5179.43	4011140	2.32891	0.826079	5224.89	0.00195646	6.29907	10.9896	2.98778
1536	5161.89	4010520	2.35288	0.936866	5227.82	0.00196073	6.08562	9.95833	3.00002
1542	5285.06	4010010	2.35688	0.481521	5230.02	0.00194312	4.33331	10.7882	2.99051
1548	5290.94	4009600	2.36759	0.62611	5231.46	0.00188005	5.3976	10.3269	3.00277
1554	5175.63	4009450	2.37064	0.838663	5239.19	0.00195741	3.90741	11.3329	2.99642
1560	5083.63	4008750	2.3866	0.857077	5236.72	0.00195731	5.39008	9.83195	2.97763
1566	5219.09	4008290	2.38964	0.79328	5240.92	0.00211809	4.35352	11.0356	3.01636
1572	5055.85	4008100	2.41062	1.18035	5241.11	0.00211661	2.83744	10.2107	3.00465
1578	5214.7	4007170	2.42033	1.0386	5245.03	0.0020313	6.52707	10.4051	3.00939
1584	5260.07	4006860	2.43476	0.759995	5245.07	0.00204287	5.48499	10.0843	3.01455
1590	5095.46	4006050	2.43802	0.929794	5249.2	0.00202047	4.83902	10.5128	2.99241
1596	5359.2	4005770	2.45531	0.737568	5250.97	0.00194838	4.3062	10.5822	3.01199
1602	5433.08	4005670	2.47218	1.08506	5257.53	0.00198465	5.2085	10.4766	3.00125
1608	5045.11	4005100	2.48163	0.992352	5255.13	0.00208071	6.15478	12.8251	2.99406
1614	5256.91	4004850	2.48988	1.41161	5257.58	0.00212348	6.35285	10.6323	3.00391
1620	5139.92	4004490	2.5013	1.03889	5260.69	0.00207041	6.86678	9.99987	3.01275
1626	5372.63	4003700	2.5138	1.11557	5264.06	0.00196009	5.38048	11.3166	2.99756
1632	5230.22	4003710	2.52098	0.857345	5259.34	0.0020333	7.47524	11.6937	2.99838
1638	5454.71	4003260	2.54113	0.850901	5258.43	0.00196578	6.00121	12.1616	3.01493
1644	5419.38	4002350	2.55574	0.786236	5257.98	0.00188576	6.41818	10.5626	2.98052
1650	5118.68	4001710	2.57072	1.43176	5255.14	0.00175321	6.85507	10.8364	2.98721
1656	5443.93	4001650	2.56986	1.21128	5251.86	0.00179374	5.10286	11.7496	2.99626
1662	5351.7	4001250	2.59573	0.751893	5252.55	0.00176654	5.19778	8.44006	2.99054
1668	5230.4	4001000	2.60007	0.742914	5255.95	0.0016398	4.48701	12.8451	2.97255
1674	5130.54	4000150	2.61678	0.838109	5257.59	0.00158368	5.66371	12.1814	3.00676
1680	5101.59	3999390	2.63154	0.771563	5253.37	0.00150997	6.70015	11.5085	3.00794
1686	5118.51	3999010	2.63566	1.16412	5253.65	0.00158932	5.68842	10.9711	2.9827
1692	5444.72	3998670	2.64711	1.09962	5251.04	0.00154469	3.63186	10.7113	3.00443
1698	5298.12	3998680	2.66475	0.978712	5245.24	0.00145166	6.37729	10.8085	3.01262
1704	5211.25	3998160	2.67079	0.718613	5244.68	0.00141268	4.49614	10.6759	3.00645
1710	5179.85	3997360	2.68873	0.882032	5240.3	0.00136277	6.86817	11.6317	3.00769
1716	5138.65	3997250	2.69158	1.00048	5234.85	0.00146038	5.26807	10.3778	2.99959
1722	5393.81	3996270	2.69437	0.908719	5232.7	0.00159807	6.20561	11.8262	3.01103
1728	5207.07	3996080	2.70044	0.95411	5230.8	0.00182874	5.63507	12.5795	3.00133
1734	5255.27	3995660	2.70786	0.758428	5235.3	0.00190594	7.2673	10.3523	2.99801
1740	5344.06	3994940	2.71793	0.44886	5234.03	0.00199905	5.91468	10.9538	3.00125
1746	5323.67	3994590	2.72968	1.25868	5234.86	0.00202604	4.39959	12.7955	2.98068
1752	5106.14	3993930	2.73456	1.02944	5239.72	0.0020364	7.76693	12.4588	3.00148
1758	5315.92	3993430	2.74697	0.934193	5241.97	0.00207622	6.0447	11.5025	3.00687
1764	5116.2	3993320	2.75455	0.89171	5245.75	0.00214517	4.77971	12.7936	2.99437
1770	5202.65	3992930	2.77167	1.10076	5245.1	0.00199087	6.62883	11.1662	2.98415
1776	5169.74	3992410	2.78903	0.588929	5249.43	0.00195527	5.72982	11.2493	3.00593
1782	5231.89	3992090	2.80924	0.971701	5255.26	0.00177759	4.21221	12.8761	3.00812
1788	5360.91	3991680	2.82193	0.742289	5255.42	0.00189678	3.3366	11.977	3.00667
1794	5324.77	3991170	2.8168	0.936832	5258.86	0.00189425	5.36481	11.455	3.00107
1800	5468.91	3990350	2.83569	1.01076	5262.29	0.00192908	4.83526	10.3737	2.99625
1806	5296.56	3990220	2.84589	1.43905	5268.25	0.00195982	4.78102	12.917	2.99364
1812	5259.71	3990130	2.85181	0.66401	5272.92	0.0020122	5.78297	12.6446	3.00395
1818	5261.62	3989240	2.86144	1.01517	5276.38	0.0020721	7.10602	9.8797	2.99232
1824	5583.47	3988680	2.87428	1.08896	5275.8	0.0020806	7.70986	11.1796	2.9943
1830	5113.2	3988460	2.89378	1.0908	5272.89	0.00213943	7.52047	11.3318	3.00964
1836	5486.27	3987830	2.8984	0.959944	5277.16	0.00196058	7.14399	12.5214	2.99648
1842	5155.91	3986860	2.91128	1.13682	5273.44	0.00199692	4.33462	13.2979	3.00896
1848	5295.09	3987350	2.92523	1.27632	5272.63	0.0018853	7.37902	12.3952	2.98984
1854	5259.74	3986580	2.94425	1.04236	5275.86	0.00183101	7.46259	13.1121	2.98747
1860	5161.66	3986090	2.95408	0.670485	5280.6	0.00180607	6.62727	12.5082	2.99621
1866	5448.98	3985510	2.96374	0.73147	5279.86	0.00188536	5.55023	12.7615	3.00665
1872	5150.44	3985150	2.96615	0.753645	5284.97	0.0019646	6.07557	12.7962	3.00255
1878	5193.72	3984810	2.98595	0.697264	5281.51	0.00194223	6.29098	12.083	3.00061
1884	5299.09	3984310	3.00177	0.726035	5283.01	0.00183218	5.7284	12.4082	2.99935
1890	5199.36	3983810	3.00984	0.805078	5277.31	0.0018725	5.77935	12.1233	3.01121
1896	5264.03	3983510	3.01185	0.733433	5282.98	0.00176546	6.44629	12.6861	3.005
1902	5543.41	3983000	3.03546	0.776055	5280.81	0.00173794	7.91651	11.3143	3.00827
1908	5291.07	3982420	3.04871	0.909029	5286.63	0.00171749	6.01973	12.3129	3.00539
1914	5407.98	3981610	3.05937	0.771274	5283.78	0.0017961	6.07807	13.6587	2.9851
1920	5359.01	3981470	3.06115	0.780255	5281.2	0.00185442	6.08889	13.7113	2.99092
1926	5324.56	3980740	3.07137	1.09542	5276.7	0.00180363	5.13032	11.3695	3.01032
1932	5225.9	3980650	3.09562	0.982533	5275.38	0.00170459	6.97467	13.1386	3.00669
1938	5454.27	3979860	3.10028	0.840771	5279.69	0.00180632	5.83816	12.0228	2.99179
1944	5386.22	3979650	3.11102	0.807221	5273.85	0.00185922	7.25524	12.622	3.01703
1950	5089.96	3978840	3.12261	0.916435	5279.86	0.00186647	7.5749	9.79956	2.99688
1956	5212.71	3978610	3.13506	0.736845	5284.9	0.00176991	5.23935	13.0508	2.99965
1962	5289.02	3978250	3.13976	0.737541	5290.57	0.00179398	8.6895	13.8966	3.0156
1968	5320.79	3977770	3.1599	0.909244	5290.84	0.00171703	5.72805	13.7194	2.99722
1974	5440.36	3976930	3.15611	0.835999	5289.18	0.00158176	7.5259	10.9068	3.00691
1980	5208.24	3976730	3.17733	0.852787	5295.52	0.00158973	7.58037	13.2193	2.98877
1986	5458.03	3976090	3.18577	0.866278	5298.98	0.00169562	6.34014	12.3102	2.99936
1992	5305.28	3975980	3.20742	0.904707	5298.46	0.00162016	6.88694	12.6916	3.00011
1998	5391.33	3975460	3.21916	1.0794	5296.9	0.00162976	7.01438	12.1302	3.01166
2004	5403.81	3974970	3.21482	1.20097	5297.74	0.0016538	6.54087	12.8369	2.99632
2010	5252.28	3974660	3.22661	0.969206	5295.39	0.0018377	5.27996	12.845	3.0075
2016	5236.9	3974100	3.24737	0.927699	5292.76	0.00176925	7.24751	12.3403	2.99223
2022	5445.73	3973660	3.25532	0.602674	5289.63	0.00182425	6.21936	13.3599	3.00624
2028	5490.88	3973510	3.26248	0.879216	5286.75	0.00187668	5.05231	12.4741	3.0048
2034	5440.31	3972760	3.2698	0.58913	5290.78	0.00185796	5.15295	13.2933	3.00886
2040	5338.67	3972160	3.28148	0.899693	5290.98	0.00191335	5.63255	12.3506	2.98372
2046	5315.75	3971740	3.29582	1.11099	5287.46	0.00194235	6.47023	14.8613	2.99419
2052	5255.5	3971400	3.29964	0.882903	5288.46	0.00190851	8.51807	12.1137	3.007
2058	5421.57	3971040	3.32603	0.719228	5293.81	0.00187837	6.12585	12.988	3.01052
2064	5284	3970370	3.32787	0.815648	5296.33	0.00186476	8.89048	13.1169	3.00964
2070	5262.36	3969970	3.34509	0.488139	5300.98	0.00191303	8.76	12.8581	3.00116
2076	5091.37	3969680	3.36058	0.988147	5304.23	0.00175288	5.16683	13.9133	3.00656
2082	5364.22	3969210	3.36842	1.47114	5298.43	0.00180129	8.56139	11.5349	2.99546
2088	4896.81	3968540	3.37393	1.16508	5297.86	0.00181416	6.8392	11.8497	3.01089
2094	5204.83	3968380	3.38954	1.2033	5294.09	0.0016812	6.67137	10.2326	3.00074
2100	5315.93	3967880	3.40681	0.731602	5290.72	0.00175857	8.4301	12.062	3.01518
2106	5264.56	3967080	3.4004	0.856951	5298.48	0.00188	8.81083	12.7223	3.01264
2112	5242.49	3966810	3.41715	1.10048	5301.28	0.00175399	7.48195	11.5382	3.01547
2118	5481.23	3966350	3.43125	0.77748	5304.05	0.00169925	9.01231	14.7267	3.02556
2124	5556.01	3965760	3.45093	1.07949	5298.92	0.00170626	7.76419	11.5794	2.98985
2130	5327.92	3965450	3.45147	0.484027	5298.16	0.00178398	5.79289	13.6992	3.00725
2136	5275.35	3965070	3.46542	0.821016	5293.28	0.00185127	8.14001	12.1124	3.00428
2142	5123.01	3964490	3.47049	1.02593	5291.74	0.00194927	9.30425	13.3267	3.00658
2148	5307.57	3964220	3.47145	0.950952	5293.75	0.00197841	8.69065	13.5377	3.01064
2154	5326.15	3963370	3.48688	0.985617	5293.78	0.00195119	8.10402	12.4053	2.99639
2160	5295.17	3963330	3.50824	1.18612	5294.62	0.00191427	8.30111	13.3569	3.00824
2166	5280.53	3962830	3.5233	0.64483	5298.19	0.0019135	7.24556	15.6267	3.00566
2172	5380.53	3962700	3.52109	0.733132	5294.71	0.00186922	5.6679	11.2401	3.00974
2178	5325.03	3961630	3.52875	0.887092	5295.95	0.00195913	5.93571	16.1306	3.00174
2184	5298.62	3960800	3.54922	1.16796	5298.77	0.00196953	6.64747	12.4408	3.00851
2190	5163.54	3961250	3.56206	0.982211	5298.72	0.00185995	7.79478	13.3568	2.9944
2196	5326.85	3960280	3.58194	0.761953	5299.09	0.0017645	6.1782	12.7511	3.01193
2202	5368.35	3960110	3.58299	0.639014	5298.64	0.00184266	7.67041	11.6302	3.01578
2208	5298.46	3959340	3.60071	0.853322	5291.75	0.00173797	6.96224	10.8551	3.00201
2214	5303.08	3959340	3.61184	0.947007	5296.45	0.00167222	8.07054	13.758	2.9898
2220	5432.53	3958430	3.62358	0.885074	5296.65	0.00161952	8.31735	13.4675	3.01109
2226	5231.39	3958240	3.62052	0.737277	5295.58	0.00167518	6.21068	13.66	3.00457
2232	5339.29	3957910	3.63958	0.99857	5296.67	0.00161959	8.63455	12.1159	3.01479
2238	5289.02	3957000	3.64812	0.51963	5298.01	0.0016839	6.86315	14.3062	2.99731
2244	5176.9	3957020	3.65813	1.09952	5295.06	0.00173664	7.96075	13.018	3.00288
2250	5366.27	3956280	3.67305	1.00907	5301.11	0.00166456	6.04506	13.6119	3.01278
2256	5306.45	3955890	3.68753	0.771867	5308.66	0.00174795	8.07628	14.6721	3.00243
2262	5540.53	3955680	3.69685	1.50119	5307.42	0.00158371	7.51194	13.0538	3.00775
2268	5177.29	3955180	3.71584	0.657966	5305.26	0.00162082	8.35585	13.6955	3.00401
2274	5516.76	3954610	3.71424	1.09129	5302.95	0.00160595	7.30106	12.1071	2.98653
2280	5424.82	3954380	3.72401	0.630137	5307.5	0.00172661	6.68916	14.6926	2.99613
2286	5284.58	3953990	3.73295	0.891167	5310.92	0.00178196	6.86491	12.6295	3.0006
2292	5221.43	3953430	3.75472	1.04837	5310.1	0.00163145	6.4776	12.7548	2.99258
2298	5323.94	3952960	3.76842	1.19444	5308.03	0.00158372	7.32332	12.7092	3.00531
2304	5171.33	3952510	3.77022	0.877961	5307.42	0.001684	7.85241	14.1456	3.00427
2310	5314.41	3951880	3.78019	0.904424	5309.37	0.00158129	7.49911	12.278	3.00999
2316	5597.25	3951760	3.78595	1.1652	5314.52	0.0016475	6.65393	13.6755	3.00276
2322	5161.69	3950950	3.79828	0.738073	5319.29	0.00171107	8.11263	14.706	2.99412
2328	5408.67	3950520	3.81107	0.939411	5321.31	0.00169321	9.04001	12.7723	2.99684
2334	5300.56	3950120	3.82133	0.729232	5314.99	0.00175738	8.33304	13.5784	2.9977
2340	5385.51	3950050	3.81788	0.541877	5310.01	0.00185704	7.78122	12.707	2.99842
2346	5237.13	3949390	3.84111	1.05529	5314.41	0.00181916	8.44882	12.2915	2.99631
2352	5380.77	3948900	3.85214	1.00326	5318.61	0.0018635	8.3911	15.7072	3.01276
2358	5301.43	3948630	3.86177	0.554141	5319.15	0.00190908	6.78839	11.5112	2.99999
2364	5506.11	3948350	3.87125	1.06839	5320.56	0.00185337	7.69075	13.2203	3.00167
2370	5251.16	3947710	3.87994	0.747767	5313.72	0.00194717	8.00106	14.2637	2.97815
2376	5341.53	3946480	3.89834	1.22774	5315.45	0.00193834	7.91725	12.8185	2.99199
2382	5350.13	3946470	3.90644	0.82614	5315.33	0.00194803	8.21277	13.055	3.00522
2388	5438.24	3946080	3.92129	1.13841	5310.92	0.00190638	5.31678	13.745	2.99824
2394	5335.41	3945560	3.93138	0.786699	5310.67	0.00190582	6.30813	14.2682	3.00719
2400	5386.2	3944950	3.93026	0.968011	5309.18	0.00202809	7.34705	13.0461	2.99778
2406	5272.55	3944300	3.94625	1.04241	5305.77	0.00209395	7.46315	13.3719	2.99549
2412	5271.95	3944380	3.96135	1.00342	5309.26	0.00207863	8.08216	13.5106	3.00694
2418	5102.59	3944020	3.97024	1.03799	5307.73	0.00198931	5.72395	12.4895	3.00392
2424	5276.87	3943500	3.98526	0.799676	5306.83	0.00196643	9.60212	12.6757	2.98293
2430	5251.93	3943300	4.01061	0.645995	5311.1	0.00183838	9.38505	12.9871	3.0124
2436	5380.63	3943140	4.0083	0.681865	5307.8	0.00183199	5.8207	13.8663	2.98494
2442	5348.09	3942030	4.02051	0.625309	5306.12	0.00183669	7.87011	14.387	2.99576
2448	5395.42	3941790	4.03407	1.11819	5302.09	0.00174031	9.48679	14.4191	3.00923
2454	5417.85	3941380	4.03844	0.415128	5294.59	0.00189066	7.4703	13.7462	3.01409
2460	5336.15	3940570	4.0382	0.959274	5299.74	0.00198221	7.65398	11.6302	2.99496
2466	5497.63	3940440	4.05518	1.16782	5304.55	0.00215348	6.82972	13.1503	2.99736
2472	5315.45	3940100	4.06861	0.99525	5307.87	0.00213772	5.97106	11.3872	2.99042
2478	5533.23	3939840	4.07142	1.26816	5301.36	0.00216766	9.18605	13.0891	3.01853
2484	5210.19	3938990	4.08265	0.507195	5299.09	0.00226419	6.71312	13.0041	2.99457
2490	5151.05	3938730	4.10155	1.18885	5298.88	0.00213996	8.0893	12.1349	2.97029
2496	5437.48	3938170	4.11658	0.597649	5298.98	0.00216728	8.13191	13.7371	3.00169
2502	5360.63	3937560	4.12483	0.930297	5302.23	0.00223475	10.0185	13.058	3.01078
2508	5406.03	3937190	4.12293	1.26833	5298.75	0.00230301	6.89952	14.2181	3.00626
2514	5272.42	3936740	4.13593	0.65971	5302.63	0.00231288	8.49534	13.8137	3.00471
2520	5335.6	3936460	4.15944	1.02113	5306.6	0.00223851	8.08234	13.0965	2.99666
2526	5207.32	3936010	4.16863	1.04972	5300.29	0.00220956	7.70178	12.8838	3.00286
2532	5022.49	3935230	4.1839	0.66499	5298.86	0.0021567	7.706	11.8678	2.9984
2538	5170.45	3935510	4.19517	0.955437	5296.83	0.00195308	9.80942	13.1476	3.00756
2544	5311.3	3934850	4.20368	0.936194	5291.26	0.00198492	7.4945	14.7637	3.00824
2550	5287.6	3934340	4.22079	1.00187	5285.82	0.00196495	7.55082	14.5145	2.99301
2556	5441.99	3934050	4.22823	1.11992	5287.93	0.00193158	8.73423	14.1053	2.98307
2562	5396.55	3933330	4.24947	0.966806	5290.09	0.00192004	8.37688	12.3269	3.0021
2568	5282.64	3932950	4.24769	1.19118	5291.26	0.00200456	5.57685	14.001	3.00151
2574	5152.22	3932830	4.25918	0.804795	5290.54	0.0020452	9.07449	15.3405	3.00529
2580	5311.79	3932030	4.26159	0.732674	5293.02	0.00197547	9.38249	13.7945	3.00588
2586	5478.18	3931610	4.29661	0.833517	5293.09	0.00175912	8.20423	14.2463	2.98884
2592	5285.67	3931170	4.2986	0.848473	5296.86	0.00166972	7.25433	12.2472	3.01005
2598	5222.59	3930550	4.31276	1.06772	5299.53	0.00159039	6.60984	12.4324	2.99107
2604	5122.95	3930290	4.32206	0.793479	5302.65	0.00161378	5.66331	12.3492	3.00779
2610	5192.96	3930340	4.33083	1.31358	5305.42	0.00168495	8.08767	13.2712	2.99356
2616	5318.94	3929590	4.33624	1.09953	5303.25	0.0016508	7.89638	13.2493	3.00707
2622	5044.6	3929440	4.34004	0.875419	5306.01	0.00177181	7.81979	12.1025	2.99399
2628	5309.96	3928460	4.35561	0.543804	5304.06	0.00170207	7.4542	12.8313	2.98699
2634	5246.31	3928020	4.36292	0.804643	5306.01	0.00171375	8.85573	12.1529	3.00847
2640	5235.17	3927810	4.37159	0.963263	5307.47	0.00170502	9.37387	11.996	3.00777
2646	5291.87	3927300	4.38517	1.12227	5300.39	0.00171065	6.06639	14.0169	2.97654
2652	5203.64	3926650	4.38892	0.786357	5296.64	0.00169636	7.04983	12.6445	3.00297
2658	5483.23	3926550	4.40331	0.935203	5294.46	0.00165963	6.50268	13.5625	2.98578
2664	5366.93	3926570	4.40936	1.36632	5292.91	0.0016433	7.57702	12.1817	2.99609
2670	5345.85	3925910	4.42414	0.923803	5291.16	0.00160717	7.88274	13.8369	3.00406
2676	5136.7	3925120	4.43743	1.06311	5291.94	0.00154847	7.74574	12.9549	3.00711
2682	5367.53	3924710	4.45132	1.46042	5290.39	0.0015366	8.36441	13.4976	2.99177
2688	5326.05	3924400	4.45761	1.03895	5292.47	0.00155908	7.62243	12.1847	2.99804
2694	5259.88	3924260	4.4608	0.662962	5295.95	0.00162024	7.21954	13.243	2.99698
2700	5173.58	3923530	4.46901	0.661303	5301.49	0.00162134	7.54212	14.8343	2.99802
2706	5153.24	3922960	4.49081	0.743702	5300.38	0.00153666	7.84649	13.8813	3.01221
2712	5437.83	3923140	4.49557	1.17641	5300.05	0.00153391	8.47832	14.2238	3.00037
2718	5393.72	3922180	4.50971	1.04471	5295.82	0.00153888	8.29554	13.45	3.01284
2724	5269.44	3922150	4.51933	0.655753	5299.28	0.00148051	9.07878	14.9073	3.00117
2730	5358.75	3921370	4.54433	0.856675	5299.61	0.00154503	8.63283	13.0988	3.0022
2736	5488.6	3920790	4.54141	0.756412	5300.01	0.00155977	8.16571	13.9578	2.99311
2742	5110.78	3920690	4.54965	1.13498	5302.15	0.00169935	8.36761	14.6398	2.99355
2748	5443.47	3920390	4.56461	0.658479	5297.56	0.00173463	8.36329	12.1582	2.9891
2754	5251.86	3919580	4.56329	0.899814	5302.95	0.00184876	7.68546	14.4828	3.01374
2760	5115.29	3919360	4.58199	0.953704	5304.02	0.00175391	6.97387	13.8178	2.99374
2766	5451.08	3918930	4.58681	0.776897	5310.16	0.00166566	9.24	13.0474	3.01124
2772	5314.95	3918330	4.59832	0.5162	5313.67	0.00179604	5.82714	14.6717	3.00436
2778	5297.83	3917940	4.61424	1.05663	5309	0.0017914	6.30966	13.7242	2.99692
2784	5316.84	3917380	4.61574	0.775235	5305.64	0.00192253	9.13464	14.7919	2.99403
2790	5360.34	3917180	4.62211	0.654455	5302.13	0.00200894	7.75802	13.7162	2.99844
2796	5266.5	3916630	4.62775	0.755792	5305.26	0.00210927	8.08534	14.3414	2.99862
2802	5567.44	3915830	4.64972	0.910618	5306.03	0.00210801	8.07847	11.6438	3.01809
2808	5452.54	3915590	4.65424	1.04853	5307.79	0.00212717	8.64614	13.5826	3.00816
2814	5482.04	3915320	4.67012	0.800778	5312.23	0.00213349	8.52193	13.2765	2.99487
2820	5375.45	3914860	4.68676	1.1334	5314.37	0.00193916	8.34972	14.1919	2.99824
2826	5322.12	3914580	4.70515	0.830244	5318.51	0.00190953	7.50846	12.9715	3.01144
2832	5362.04	3913730	4.70635	1.04103	5313.42	0.00188376	7.63116	13.5027	3.00587
2838	5088.14	3913670	4.7276	0.911943	5319.87	0.0018723	9.83152	11.6437	2.99222
2844	5202.38	3913220	4.72543	0.870878	5322.73	0.00177911	7.65812	13.2615	3.00983
2850	5230.09	3912530	4.75144	1.01239	5327.68	0.00168342	7.68279	12.7161	2.99612
2856	5480.25	3912320	4.75615	0.697886	5323.06	0.00166912	9.11183	14.2746	3.00011
2862	5203.91	3912000	4.75842	1.02427	5325.78	0.00162129	8.21009	12.6994	2.99909
2868	5214.47	3911850	4.77915	0.790379	5327.15	0.00167287	8.06188	15.6492	2.99843
2874	5162.02	3910830	4.79548	0.73973	5330.94	0.00163931	8.84175	12.4991	3.00115
2880	5549.46	3910690	4.78895	0.743603	5329.58	0.00165583	9.27539	13.1547	3.00081
2886	5338.45	3910340	4.81286	0.966485	5330.04	0.00167096	8.42006	14.7988	3.00122
2892	5336.67	3909760	4.82224	1.0718	5331.12	0.00149137	6.94428	11.8851	2.99391
2898	5292.44	3909480	4.83726	1.17289	5329.49	0.00151398	9.34205	12.4326	3.00198
2904	5540.63	3908840	4.84505	0.634159	5325.93	0.0014608	8.13239	14.2306	2.9902
2910	5375.5	3908330	4.8478	0.60473	5319.81	0.0015478	8.05512	13.2258	3.00421
2916	5336.44	3907810	4.86486	1.13206	5324.25	0.00161355	8.3251	10.9082	3.00677
2922	5240.99	3907580	4.86534	0.885773	5326.09	0.00173977	9.22276	12.7794	2.99851
2928	5292.04	3907160	4.86635	1.00566	5329.41	0.00176608	10.1083	14.0457	2.9832
2934	5152.46	3906880	4.87915	1.49689	5336.06	0.00188244	8.7466	14.5467	2.98793
2940	5538.56	3906330	4.88609	0.832265	5331.16	0.00207709	9.9884	14.3933	3.00479
2946	5254.97	3905840	4.89311	1.10156	5330.28	0.00199808	8.06	13.508	3.00853
2952	5220.29	3905500	4.91281	1.00333	5329.14	0.0019967	6.58112	12.4403	3.00523
2958	5328.05	3905110	4.90736	1.12746	5333.84	0.0020489	7.8514	12.8802	2.98877
2964	5470.44	3904590	4.92902	0.803728	5334.04	0.0021896	8.62811	13.8997	3.00104
2970	5583.59	3904070	4.93811	1.14157	5340.36	0.00233575	8.16678	13.5454	3.00307
2976	5384.46	3903640	4.93563	0.711456	5340.47	0.00241292	7.88778	13.5254	3.01806
2982	5197.6	3903490	4.94759	0.766608	5338.58	0.00240254	9.32677	13.2587	3.00605
2988	5565.43	3903300	4.96501	0.666401	5342.39	0.00237559	7.14293	12.574	2.99935
2994	5226.9	3902490	4.97772	1.17238	5346.18	0.00235962	11.2594	13.4544	3.00464
3000	5207.65	3902310	4.99256	0.76801	5345.92	0.00222474	7.63493	14.614	2.99253
3006	5346.46	3901680	5.00222	0.814025	5345.12	0.00225473	8.04208	12.6916	2.98727
3012	5458.85	3901380	5.02445	0.88889	5337.71	0.00219666	9.47163	14.6494	2.99997
3018	5352.78	3900490	5.02581	0.898258	5333.78	0.00222201	7.2702	12.8499	2.99171
3024	5306.65	3900310	5.05115	0.561185	5334.49	0.00206228	7.61927	13.7501	3.01112
3030	5386.12	3899690	5.04713	1.21801	5337.04	0.00207209	7.56938	14.9672	3.01432
3036	5290.07	3899760	5.06373	0.739481	5340.8	0.00196919	8.40362	13.0211	3.00694
3042	5247.54	3899110	5.08335	1.14364	5347.45	0.00184806	7.52072	14.3592	3.01651
3048	5451.24	3898770	5.0992	0.843288	5354.13	0.0016729	8.34585	13.8348	3.00435
3054	5135.64	3898090	5.11592	1.05251	5353.3	0.00159961	9.51868	14.5657	2.99266
3060	5126.02	3897530	5.13164	1.10017	5352.64	0.00154187	8.82463	13.6685	3.00465
3066	5494.92	3897310	5.13437	0.734324	5349.95	0.00156352	10.1067	15.0844	2.99723
3072	5302.63	3896620	5.13936	0.934965	5344.9	0.00156187	8.38311	12.0086	2.99959
3078	5189.13	3896800	5.15167	1.00199	5351.23	0.00158136	10.2237	13.9189	3.00663
3084	5374.48	3896200	5.15144	1.37624	5350.53	0.00160256	10.042	14.692	3.01299
3090	5311.79	3895780	5.16099	0.532866	5351.25	0.0016238	8.16284	13.77	3.00578
3096	5323.56	3895420	5.1629	0.339466	5350.09	0.00168295	8.57227	13.9279	2.99104
3102	5244.31	3895000	5.17301	0.921694	5343.53	0.00173155	11.434	13.7664	3.01131
3108	5259.7	3894450	5.18045	1.21278	5343.8	0.00195123	7.51544	13.462	2.9894
3114	5617.97	3894280	5.19389	0.854303	5345.58	0.00184964	7.79056	13.0449	3.00905
3120	5420.75	3893560	5.20311	0.783374	5340.76	0.00192169	9.73765	14.6426	2.96841
3126	5381.24	3893130	5.21397	0.614303	5345.57	0.0019436	9.49672	13.2526	2.99219
3132	5215.41	3892850	5.22138	0.579352	5345.26	0.00200157	8.07136	12.9205	3.00498
3138	5308.69	3892540	5.23287	1.04199	5347.49	0.00207032	8.6244	14.5407	2.99853
3144	5250.95	3892300	5.23855	1.36476	5350.21	0.00204948	11.2283	13.6885	3.0033
3150	5284.95	3891510	5.24984	0.994758	5351.76	0.00204058	7.65565	14.4218	3.01092
3156	5231.81	3890820	5.26082	0.757045	5351.58	0.00203247	9.71606	12.8666	2.98619
3162	5251.46	3891080	5.27649	0.991674	5351.92	0.00198133	8.10845	13.7415	2.98507
3168	5264.25	3890620	5.28737	1.00322	5345.56	0.00187694	7.79715	14.3513	2.99281
3174	5320.11	3889980	5.30211	1.00019	5339.62	0.00193474	9.53306	13.8661	2.99654
3180	5192.17	3889610	5.30778	0.733155	5342.79	0.0019445	8.69254	12.1551	2.99366
3186	5425.23	3889120	5.32371	0.981774	5342.25	0.00186055	8.56788	15.0013	3.00715
3192	5431.38	3888430	5.33022	1.32573	5341.88	0.00190031	10.427	14.7644	2.99951
3198	5422.33	3887940	5.34055	0.640717	5347.15	0.00189336	10.4686	14.6117	2.98746
3204	5358.95	3887850	5.35362	0.884453	5351.66	0.00193791	7.63341	12.7188	2.99386
3210	5258.32	3887010	5.35086	0.814277	5347.91	0.00191564	9.46313	13.1844	2.99647
3216	5210.74	3886780	5.37249	1.00245	5352.04	0.00185094	8.72825	14.6434	2.99025
3222	5078.44	3886950	5.38325	1.29244	5351.62	0.00190831	8.49043	14.5314	3.0027
3228	5210.9	3885950	5.39456	0.9542	5346.81	0.00181507	7.77834	14.5429	2.99896
3234	5181.84	3886170	5.40207	0.956281	5352.3	0.0017559	8.78449	12.8002	2.99348
3240	5377.55	3885480	5.41419	0.83062	5350.67	0.00171122	8.89475	13.9937	2.99335
3246	5363.85	3885140	5.41508	1.0967	5352.66	0.0017277	9.91629	11.8979	2.99728
3252	5480.6	3884860	5.43503	1.33869	5352.98	0.00161213	10.0203	13.6761	2.99688
3258	5308.56	3883820	5.45412	0.668468	5351.82	0.00163746	10.287	14.0152	3.01781
3264	5256.36	3883930	5.4653	1.21354	5348.55	0.00145705	10.9095	13.578	2.98249
3270	5299.77	3883260	5.47373	1.05499	5353.54	0.00141928	10.0416	13.4154	2.99853
3276	5361.03	3883020	5.48001	1.00221	5353.92	0.00139904	10.4372	14.4135	2.99022
3282	5445.05	3882770	5.50255	0.753583	5359.32	0.00142296	8.29266	12.9979	2.97823
3288	5352.72	3882170	5.5001	0.947521	5361.93	0.00150339	10.3208	14.3933	3.00854
3294	5423.19	3881690	5.5099	0.841133	5367.33	0.00154035	9.96031	13.8389	3.00995
3300	5417.2	3881220	5.52055	0.941101	5369.82	0.00149662	9.04008	12.5149	2.99767
3306	5320.07	3880970	5.53083	1.19733	5369.67	0.00150346	8.22707	13.6383	3.00052
3312	5378.39	3880190	5.53431	0.252207	5366.86	0.00159939	11.2892	12.2096	3.01069
3318	5454.76	3880200	5.54199	1.06142	5372.3	0.0016195	9.82481	13.3004	2.99608
3324	5442.98	3879620	5.54806	1.11179	5373.16	0.00173596	11.1749	14.6765	2.98242
3330	5248.33	3879000	5.56116	0.890082	5369.37	0.00168518	9.37237	14.1394	2.99583
3336	5444.92	3878630	5.56633	0.872187	5367.29	0.00167393	7.57856	13.7453	2.99495
3342	5616.35	3878340	5.58509	1.09224	5371.56	0.00159114	9.53869	14.3056	3.00469
3348	5513.06	3877610	5.6007	0.88516	5374.84	0.00160484	7.86924	14.224	2.98384
3354	5225.84	3877130	5.60067	0.782538	5377.19	0.00172621	8.85559	14.7733	2.99986
3360	5471.86	3877270	5.60667	0.816138	5381.55	0.00177074	9.52029	13.1311	2.99204
3366	5352.87	3876430	5.62186	0.856255	5382.97	0.00165663	9.67608	13.4612	2.98597
3372	5362.72	3875740	5.62307	1.00669	5381.66	0.00181393	9.6965	13.3662	2.9993
3378	5193.86	3875770	5.63532	0.544194	5377.98	0.0018412	8.03139	13.8533	3.00705
3384	5406.12	3875530	5.65871	0.80092	5374.86	0.00172266	8.40642	14.8021	3.00209
3390	5355.6	3874940	5.66841	0.501999	5367.86	0.00166388	10.1185	13.8034	3.01672
3396	5434.1	3874700	5.66327	1.13568	5372.41	0.00170874	9.97796	14.8706	2.98701
3402	5535.21	3874330	5.6791	0.747253	5372.87	0.00180755	9.03562	13.0558	2.98539
3408	5447.69	3873340	5.69272	1.4089	5369.14	0.00176418	7.53195	14.2352	3.00513
3414	5434.58	3872910	5.70336	0.976017	5366.92	0.00186064	9.07837	11.9918	3.01461
3420	5262.68	3872560	5.70733	0.791466	5367.5	0.00180327	9.39946	13.5237	3.00455
3426	5313.26	3872160	5.72791	1.23156	5360.58	0.0016537	7.57473	13.9382	3.02188
3432	5458.08	3872070	5.74099	1.11814	5361.68	0.00164884	9.9678	13.1502	3.00756
3438	5335.86	3871300	5.74952	0.765046	5364.07	0.00163617	12.7022	14.2972	3.00583
3444	5191.19	3871270	5.7551	1.00718	5357.82	0.00168102	8.95539	13.3471	2.99002
3450	5582.52	3870580	5.77111	0.863735	5351.42	0.00159987	9.96112	14.0066	2.9842
3456	5426.23	3870410	5.78896	1.25729	5347.82	0.00168668	8.41719	14.0217	2.98839
3462	5510	3869740	5.78961	1.08961	5350.81	0.00157947	11.4886	11.8574	2.99237
3468	5344.66	3869360	5.80188	1.30562	5349.08	0.00162571	9.85153	14.0744	2.99878
3474	5255.91	3869090	5.80807	1.13038	5354.7	0.00161393	11.2199	14.3986	2.99214
3480	5470.34	3868360	5.82199	0.886958	5349.97	0.00164545	9.06744	13.8707	3.00956
3486	5431.41	3867760	5.82961	1.13009	5349.34	0.00163744	9.7654	13.89	2.99186
3492	5251.25	3867860	5.84064	1.02749	5352.26	0.00168871	9.79459	15.8718	2.99798
3498	5345.36	3867320	5.84494	1.17134	5354.91	0.00183882	9.93635	14.6993	3.01191
3504	5399.52	3866900	5.847	1.12486	5351.79	0.00190296	8.20645	14.4674	3.01323
3510	5369.29	3866470	5.86099	0.543537	5352.52	0.00181986	7.93999	14.6616	2.99856
3516	5316.26	3866170	5.87704	0.952239	5354.61	0.00171115	10.3898	14.1492	2.99967
3522	5423.66	3865530	5.8771	1.13492	5350.07	0.00176562	10.8825	13.6678	3.00068
3528	5353.56	3865360	5.90337	0.980651	5347.57	0.00179305	9.6509	14.9484	2.98912
3534	5240.29	3864910	5.90884	0.659667	5343.6	0.00175695	8.22898	13.9606	3.00708
3540	5248.42	3864340	5.91274	0.851722	5345.43	0.00176608	8.32765	13.1958	3.0037
3546	5440.16	3863940	5.92569	0.894432	5349.33	0.00168211	7.97606	14.372	3.00041
3552	5406.94	3863760	5.9334	1.02091	5349.6	0.00174117	10.3401	13.4263	3.013
3558	5599.42	3863050	5.97083	0.865136	5347.44	0.00159593	11.7539	13.5358	3.00335
3564	5179.74	3862690	5.96163	0.694127	5350.45	0.00166391	8.75101	13.4554	3.02079
3570	5240.06	3862120	5.98201	0.538661	5349.44	0.00159061	7.34802	12.5815	3.01306
3576	5438.69	3861850	5.9858	0.873893	5349.06	0.00152279	9.56738	13.5791	2.99779
3582	5326.07	3861360	5.99659	0.614395	5348.78	0.00152829	8.72571	11.261	3.00731
3588	5377.03	3861450	6.00644	1.1246	5348.38	0.00156669	8.92704	14.9526	2.98682
3594	5277.28	3860810	6.01338	1.21797	5352.21	0.0015058	10.4244	12.9851	2.98316
3600	5270.31	3860800	6.02074	1.03306	5345.98	0.00144185	10.0233	15.043	2.99807
3606	5390.8	3859930	6.04167	1.29136	5347.58	0.00144653	8.91755	14.2446	2.99751
3612	5117.4	3859500	6.04475	0.987785	5342.88	0.00138888	8.83155	14.0149	3.00331
3618	5253.91	3859280	6.05485	0.988427	5341.41	0.00143753	8.72989	13.4868	3.02216
3624	5390.09	3858440	6.06172	0.924256	5339.11	0.0014979	9.14217	15.3585	2.99665
3630	5261.75	3858210	6.06715	0.583349	5342.23	0.00154873	9.57413	13.9149	3.00002
3636	5524.8	3857860	6.08493	1.19086	5344.12	0.00160427	9.67469	12.8181	3.00941
3642	5291.55	3857710	6.0804	1.02325	5348.14	0.00157603	9.85039	15.5456	2.99896
3648	5373.66	3857520	6.09609	0.971336	5352.44	0.00159853	10.873	12.6023	3.01653
3654	5097.23	3856880	6.09529	0.923636	5355.69	0.00170347	10.8967	14.39	2.99501
3660	5211.22	3856550	6.11226	0.946643	5355.81	0.00165096	9.32402	14.8118	3.00576
3666	5426.53	3856010	6.11803	0.7636	5360.97	0.0016364	10.0737	12.518	2.99975
3672	5288.28	3855630	6.13712	0.740856	5361.54	0.00166111	10.145	12.1992	2.99861
3678	5449.55	3855260	6.14068	1.05319	5361.43	0.0017186	9.06789	12.7183	2.9957
3684	5325.28	3855120	6.15322	0.672817	5364.21	0.00166217	9.71836	13.7955	2.99501
3690	5504.61	3854560	6.16646	1.1212	5361.67	0.00156584	8.8948	12.3075	2.99704
3696	5276.31	3854110	6.18025	0.888163	5364.76	0.0015575	10.2914	13.7241	3.00818
3702	5407.87	3853620	6.18902	0.756271	5363.81	0.00145338	6.92136	14.5795	2.9866
3708	5342.75	3853420	6.20195	0.8038	5363.14	0.00142884	11.1198	13.0679	2.98209
3714	5237.53	3853240	6.21031	0.605435	5363.07	0.00146081	11.1964	13.0553	3.01514
3720	5538.08	3852460	6.20515	0.921577	5360.89	0.00146569	9.86054	13.0233	3.00726
3726	5382.42	3852250	6.23455	1.03625	5358.77	0.00154984	10.0568	11.834	2.9982
3732	5376.09	3851710	6.22868	0.519733	5354.22	0.00155874	9.49911	17.4877	3.01229
3738	5315.06	3851290	6.24156	0.989566	5347.77	0.0016175	9.20211	13.4236	3.00834
3744	5437.94	3850720	6.25597	0.666261	5351.03	0.00158778	7.93528	12.9013	2.99298
3750	5336.44	3850690	6.25772	0.967108	5355.6	0.00161031	7.99039	16.1482	3.01277
3756	5243.54	3849920	6.27202	0.902242	5356.88	0.00150496	10.3789	14.1245	2.99257
3762	5535.23	3849410	6.28075	0.814756	5358.09	0.00157477	8.19126	11.9222	3.00415
3768	5314.75	3849200	6.29108	1.04104	5354.01	0.00163162	7.76657	14.193	2.99459
3774	5338.92	3848960	6.30711	0.889063	5349.71	0.00156015	9.4355	12.1277	3.00724
3780	5566.1	3848230	6.32061	0.414051	5348.21	0.0016438	11.3354	14.1285	3.0047
3786	5225.14	3847680	6.32058	0.951598	5349.77	0.00181134	10.5904	12.7796	2.98709
3792	5360.55	3847680	6.32787	0.825093	5350.91	0.0016695	8.31758	13.1974	3.00192
3798	5318.12	3847400	6.33629	0.835274	5344.95	0.00164132	10.2463	13.3145	2.9953
3804	5372.74	3846620	6.34463	0.925325	5340.05	0.00154867	9.56453	13.4713	3.01629
3810	5213.69	3846410	6.3655	1.03127	5343.56	0.00156323	10.4704	12.712	3.0101
3816	5290.52	3846040	6.37044	0.780258	5350.21	0.00157933	8.01454	13.2071	3.00464
3822	5332.73	3845470	6.38008	0.974911	5357.12	0.00155671	10.4737	14.4513	3.01586
3828	5347.33	3845030	6.39114	1.14927	5352.07	0.00159538	10.0502	14.1496	3.01217
3834	5237.95	3844890	6.41355	1.11022	5355.43	0.00149834	9.73772	15.9973	2.99761
3840	5129.24	3844290	6.41889	0.721816	5351.84	0.00153061	10.2085	13.8144	3.00618
3846	5360.56	3844200	6.42546	1.01553	5354.78	0.00154164	10.4267	14.3488	3.00475
3852	5387.2	3843410	6.44019	0.732257	5357.35	0.00144128	10.1922	14.3976	3.01151
3858	5374.03	3843330	6.44126	0.534518	5350.16	0.00143418	10.2015	13.8165	3.00609
3864	5336.56	3842890	6.44788	0.851635	5344.77	0.00148809	9.27969	13.8751	2.99676
3870	5493.38	3842520	6.45623	0.715037	5343.04	0.00155072	10.9025	13.1654	3.01051
3876	5313.69	3841920	6.47058	0.958993	5341.93	0.00161497	8.26309	13.5155	2.99466
3882	5144.47	3841970	6.46837	0.679064	5342.32	0.00161827	6.80247	12.9688	2.98944
3888	5335.94	3841390	6.48256	0.750622	5340.93	0.00159697	7.68261	14.3616	3.00746
3894	5182.06	3841380	6.4944	0.989813	5345.43	0.00165775	10.4297	14.5489	3.00854
3900	5366.67	3840290	6.50958	1.03195	5348.62	0.00156175	9.27267	14.6046	2.99642
3906	5299.69	3840420	6.51692	0.458145	5353.5	0.00152083	9.17531	13.9059	3.00841
3912	5169.84	3839840	6.53819	1.08382	5349.17	0.0015363	9.50982	14.3501	2.99367
3918	5364.79	3839270	6.53772	1.24389	5347.11	0.00155896	10.4068	13.301	2.99363
3924	5274.23	3838760	6.54741	1.09718	5350.95	0.00146169	10.6038	12.7728	2.98962
3930	5407.11	3838810	6.55049	0.797855	5346.76	0.00147708	11.0016	14.8255	2.9903
3936	5322.2	3838130	6.56145	0.90814	5344.14	0.00156697	9.90928	14.8395	2.99369
3942	5299.42	3837230	6.573	1.03147	5342.75	0.00151466	7.4653	14.0557	3.00633
3948	5227.31	3837270	6.58473	0.735699	5346.04	0.00151439	8.63092	14.3383	3.00878
3954	5237.83	3836990	6.58229	0.84983	5343.79	0.00155793	10.359	15.2512	3.00782
3960	5352.14	3836500	6.59238	1.11643	5339.66	0.00156342	9.0739	13.2138	2.99925
3966	5189.6	3836140	6.6128	0.683259	5333.81	0.00158923	10.9242	14.1547	3.00356
3972	5216.58	3835680	6.62013	1.15114	5334.74	0.00158508	10.3711	14.5814	2.99034
3978	5339.63	3835440	6.62737	0.862973	5335.21	0.00154604	10.5927	14.5634	3.00589
3984	5349.7	3834890	6.63514	0.997728	5329.83	0.00156528	9.87101	12.7073	3.00257
3990	5311.91	3834310	6.64565	0.529796	5323.61	0.00162493	9.76266	13.4952	2.99819
3996	5430.66	3834430	6.64764	0.502976	5322.68	0.00172074	11.5319	12.5701	2.99527
4002	5155.41	3833730	6.66684	0.886566	5319.51	0.0016289	10.3581	14.2435	2.99911
4008	5325.99	3833750	6.66762	1.29682	5318.72	0.00167995	10.7521	13.6715	3.01196
4014	5185.98	3833350	6.68625	1.00408	5319.05	0.00159049	9.18762	12.7656	2.99752
4020	5423.33	3832900	6.70764	0.924126	5322.02	0.00142342	10.7423	16.3967	2.97953
4026	5396.13	3832330	6.70969	1.08669	5324.61	0.00145646	9.97817	13.2132	2.9912
4032	5082.76	3832030	6.71081	0.724411	5331.95	0.00150839	11.3001	12.6001	2.99724
4038	5444.89	3831810	6.72946	0.950701	5327.81	0.00150794	10.3066	13.4549	2.99176
4044	5261.11	3831350	6.73746	0.817939	5326.68	0.00152825	10.1851	13.9695	3.00669
4050	5156.49	3830960	6.75053	0.748675	5325.5	0.00143773	9.18663	14.1259	2.9887
4056	5328.17	3830330	6.75165	0.898482	5322.14	0.00142138	10.4782	14.396	2.99859
4062	5427.53	3830140	6.75978	0.947361	5322.49	0.00151035	10.8397	13.3517	2.99949
4068	5360.02	3829470	6.78597	1.0024	5327.27	0.00137528	9.28635	12.2213	3.00495
4074	5257.18	3828930	6.78148	0.837264	5324.04	0.00150672	8.60823	13.704	2.99166
4080	5253.01	3828700	6.78631	0.970005	5321.45	0.00151732	10.6408	13.5279	3.00921
4086	5322.28	3828450	6.79458	0.667576	5318.94	0.00153438	11.7719	13.3605	2.99664
4092	5530.34	3828050	6.81129	0.971047	5317.34	0.0015215	10.0929	13.3544	2.98666
4098	5261.87	3827740	6.82249	0.866638	5311.95	0.00153244	9.66637	13.3468	2.9936
4104	5445.18	3827470	6.82604	0.827547	5307.39	0.00152361	9.46622	13.3544	3.01102
4110	5482.7	3826800	6.83595	0.873294	5306.55	0.00154314	12.1665	15.3009	3.01424
4116	5281.48	3826770	6.84402	1.05044	5306.36	0.00164006	9.95351	14.2134	3.01366
4122	5380.44	3825980	6.86011	1.00833	5300.01	0.00159947	9.87321	12.8905	2.99637
4128	5113.79	3825970	6.86544	0.895633	5305.96	0.00153185	9.53188	13.5793	3.00022
4134	5351.3	3825250	6.88022	0.803752	5299.27	0.00149268	8.81882	11.2691	3.01485
4140	5340.63	3825300	6.88882	0.771594	5297.12	0.00144922	10.361	13.0553	3.00595
4146	5336.82	3824560	6.89648	1.15405	5299.87	0.00153097	9.61386	11.4403	3.02638
4152	5351.85	3824450	6.89906	0.885335	5298.06	0.00155816	10.0861	14.2233	2.98123
4158	5322.24	3823900	6.91548	0.721429	5299.97	0.00159369	11.9774	14.4696	3.0027
4164	5256.22	3823530	6.91636	0.971539	5304.63	0.00161127	10.1977	14.3125	2.99138
4170	5407.94	3823090	6.91885	0.880288	5308.31	0.00166162	8.49662	15.0748	2.99007
4176	5277.79	3822710	6.93492	0.747417	5302.03	0.00167691	7.77933	14.5474	2.99503
4182	5515.54	3822020	6.94826	0.736061	5300.71	0.00166224	8.11575	14.0582	3.0126
4188	5417.76	3822120	6.96034	0.940185	5295.7	0.00174901	10.0732	12.8942	2.99066
4194	5373.47	3821590	6.9722	0.81583	5289.53	0.00166874	9.94384	13.8501	3.01305
4200	5385.8	3821240	6.98109	1.25773	5295.52	0.00168166	8.47599	14.0299	2.99726
4206	5480.98	3820930	6.98603	0.605356	5298.4	0.00160132	9.11159	13.1007	3.01009
4212	5287.27	3820030	7.00766	1.59372	5301.56	0.00160443	9.53001	12.2193	3.00346
4218	5536.8	3819970	7.00633	0.783395	5304.89	0.00171924	12.2258	13.8093	3.01785
4224	4960.2	3819770	7.02019	0.929748	5305.67	0.00168671	12.3532	12.3822	2.99755
4230	5312.89	3819210	7.03118	0.914238	5308.18	0.00154264	10.1184	13.6328	3.01026
4236	5228.95	3818510	7.04051	1.01537	5305.27	0.0015014	9.22877	12.9799	3.00019
4242	5350.41	3818140	7.06074	1.22169	5302.49	0.00142237	8.00156	11.6731	2.99503
4248	5352.33	3817720	7.0681	0.733791	5301.24	0.00139631	9.82243	14.5164	2.99191
4254	5353.17	3817450	7.07953	0.819196	5300.45	0.0013565	11.0019	13.0796	3.00494
4260	5269.2	3816950	7.08933	0.991555	5300.44	0.00135076	8.9946	14.2559	3.00505
4266	5449.43	3816730	7.09395	0.903949	5302.66	0.00146827	10.9278	13.8099	3.00541
4272	5233.56	3816380	7.09421	0.915493	5300.94	0.00141598	9.31626	14.7625	2.98586
4278	5294.59	3816270	7.11299	0.913442	5303.59	0.0013815	11.5737	14.4687	3.00227
4284	5093.74	3815610	7.11224	0.7642	5298.21	0.00144231	10.9338	13.7313	3.01039
4290	5492.59	3814980	7.13146	0.888693	5301.87	0.00158002	9.70276	13.1841	3.00137
4296	5491.38	3815000	7.12603	1.02221	5308.41	0.00163968	9.47581	13.3085	2.99145
4302	5429.13	3814540	7.13982	0.768043	5308.39	0.00157373	9.36064	11.7875	2.99475
4308	5387.4	3814080	7.14941	1.04605	5307.42	0.00162977	11.0802	14.6704	3.00575
4314	5515.29	3813830	7.14894	0.459227	5303.13	0.0015822	9.39076	15.8156	3.01129
4320	5219.75	3813090	7.17343	0.698766	5298.26	0.00153338	9.2232	12.7	3.00905
4326	5315.62	3813090	7.18822	0.800937	5300.37	0.00150282	11.2787	12.1306	3.00098
4332	5165.36	3812370	7.20263	0.765371	5300.71	0.00130944	11.3061	14.3759	3.00275
4338	5341.91	3812220	7.20826	0.858589	5300.38	0.00131947	11.6878	13.853	2.99735
4344	5354.79	3811870	7.22007	0.523926	5295.21	0.0013695	10.9661	14.5286	2.98578
4350	5171.54	3811560	7.20688	0.800474	5290.47	0.00143932	9.97356	13.9199	2.99222
4356	5443.48	3811280	7.22429	0.70684	5289.41	0.00151577	10.9251	13.5114	2.98753
4362	5179.02	3810790	7.2428	0.834017	5282.93	0.00150107	9.77024	13.5742	3.02565
4368	5114.29	3810580	7.2385	0.970688	5283	0.00160595	9.5885	14.5586	3.01963
4374	5202.54	3810170	7.24876	1.12967	5278.79	0.00166143	10.275	11.5399	3.012
4380	5337.86	3809810	7.243	0.851916	5276.78	0.00173729	11.2814	13.9926	3.00074
4386	5280.34	3808910	7.27082	1.26186	5278.41	0.0016755	12.1443	12.2833	2.99963
4392	5269.12	3809200	7.27006	0.796686	5275.77	0.00171976	8.90879	13.1637	2.99014
4398	5413.66	3808610	7.27458	0.43248	5276.1	0.001824	10.4147	13.605	2.97992
4404	5224.38	3807900	7.28641	0.823296	5281.87	0.00184349	9.77896	13.0618	3.00771
4410	5116.07	3807770	7.30375	0.958438	5285.96	0.00178754	10.2492	14.0585	2.98917
4416	5568.57	3807200	7.31166	0.831341	5284.98	0.00173461	11.2907	11.8708	3.00095
4422	5131.3	3807490	7.32178	1.00338	5289.67	0.00174567	10.7478	12.9211	3.00364
4428	5291.39	3806990	7.33031	0.81644	5286.99	0.00182477	8.71672	12.7476	3.02328
4434	5355.65	3806270	7.32999	0.81184	5293.22	0.0017453	8.80495	12.3132	3.00716
4440	5415	3805880	7.34217	1.09025	5296.84	0.0018012	9.76099	13.8262	2.99212
4446	5355.8	3805620	7.36059	1.10958	5297.68	0.00177333	9.85173	13.2757	2.97897
4452	5528.79	3805170	7.36621	1.11726	5300.53	0.00188125	9.60989	12.911	3.01267
4458	5458.94	3805080	7.36795	0.60126	5304.92	0.00202342	9.61328	14.6557	2.99287
4464	5301.91	3803980	7.38215	0.988721	5303.61	0.00195801	7.84634	15.5427	3.0022
4470	5395.42	3804070	7.40292	0.937093	5304.11	0.00182195	8.51824	14.6267	2.98122
4476	5011.94	3803710	7.4155	0.870529	5309.31	0.0017736	9.1012	12.8903	3.00641
4482	5223.15	3802950	7.41839	0.757761	5313.59	0.00170908	9.43951	15.0224	3.01709
4488	5262.02	3803100	7.4285	0.94414	5314	0.00165243	11.1895	13.0619	3.00399
4494	5163.92	3802570	7.43772	1.11956	5313.05	0.00165446	12.1597	12.2028	2.99512
4500	5310.47	3802410	7.44584	1.01576	5313.77	0.00173181	10.231	12.6605	2.99982
4506	5517.47	3801670	7.45422	0.587208	5320.08	0.00172567	10.6071	13.0463	2.98079
4512	5154.28	3801130	7.46145	0.889406	5312.94	0.00168174	9.28902	13.7177	2.97345
4518	5252.38	3801050	7.47729	0.958434	5315.69	0.00168749	10.6283	14.171	2.99901
4524	5331.59	3800970	7.49068	0.86405	5310.83	0.00159812	10.1009	11.8349	2.99111
4530	5340.38	3800250	7.50118	1.3948	5316.35	0.00144232	8.77237	13.8957	3.00362
4536	5528.69	3800030	7.51034	1.05706	5308.3	0.00150415	9.96283	14.1523	2.99799
4542	5165.57	3799120	7.51717	1.14404	5306.14	0.00146769	9.37841	11.7701	2.99133
4548	5263.85	3799130	7.52876	0.871326	5301.85	0.00141936	11.1519	12.6627	3.00544
4554	5219.21	3798970	7.53563	1.10379	5300.73	0.00139241	11.2367	12.8553	3.00824
4560	5348.82	3798410	7.55433	1.37537	5300.42	0.00124205	10.9705	14.2886	3.00118
4566	5236.92	3798350	7.56398	1.08624	5302.25	0.00126793	9.49735	13.9007	2.99958
4572	5488.81	3797720	7.56477	0.825964	5297.79	0.00121696	8.45483	13.5701	2.97603
4578	5168.79	3797460	7.56288	0.911976	5302.35	0.00129407	10.9629	13.4901	3.00398
4584	5420.19	3797200	7.57558	1.03229	5301.73	0.00124299	10.6529	13.0706	3.00546
4590	5245.56	3796670	7.58901	0.734776	5306.75	0.00132377	10.2055	14.1125	2.99747
4596	5332.08	3795690	7.60382	0.544208	5311.56	0.00126564	10.7297	13.9199	3.0065
4602	5330.03	3795730	7.60207	0.910128	5313.22	0.00131363	10.1031	13.2784	2.99996
4608	5252.63	3795590	7.60125	0.358819	5312.14	0.00155589	11.2508	12.7964	3.00878
4614	5261.02	3794880	7.61628	0.825346	5310.96	0.00150794	11.0666	13.2213	2.99871
4620	5476.75	3795080	7.63242	0.743591	5306.72	0.00143043	11.8529	13.6812	2.99188
4626	5519.55	3794240	7.64183	0.592424	5304.2	0.00148773	10.216	14.3177	2.99307
4632	5222.56	3793970	7.6538	0.985567	5300.46	0.00150566	9.73206	14.7296	2.9864
4638	5174.11	3793760	7.65945	1.10259	5303.6	0.00147494	8.78098	12.9891	2.9965
4644	5169.71	3793290	7.66495	0.905998	5301.4	0.00146725	11.3316	13.8028	2.99796
4650	5505.49	3792850	7.66189	0.923175	5303.82	0.00149583	9.3017	13.0188	2.994
4656	5452	3792200	7.67084	0.640803	5301.59	0.00162627	12.0226	12.8823	3.00617
4662	5255.85	3792360	7.68038	0.895974	5308.18	0.00153688	11.5004	15.0046	3.00589
4668	5319.33	3791660	7.69096	0.67977	5308.1	0.00163396	11.7571	12.5449	3.00565
4674	5312.75	3791480	7.70718	0.747011	5311.63	0.00159306	10.6141	13.4035	3.00175
4680	5253.23	3791320	7.72423	0.797069	5311.03	0.00146433	9.74373	13.0384	3.0054
4686	5594.35	3790520	7.73044	0.882174	5306.87	0.00149179	8.19293	12.5715	2.99377
4692	5106.7	3790040	7.73697	0.705709	5304.81	0.00143061	10.4507	12.5942	3.00152
4698	5303.79	3789940	7.74605	0.8195	5309.61	0.0013941	9.48358	11.2458	3.01474
4704	5084.72	3789510	7.75744	1.24457	5304.72	0.00142205	10.1419	13.3293	2.99683
4710	5402.25	3789460	7.76212	0.82494	5305.29	0.00157843	11.5317	13.6696	3.00405
4716	5292.13	3788630	7.76101	0.833497	5306.45	0.00154188	9.00121	12.5966	3.00546
4722	5284.43	3788250	7.77624	1.38742	5311.32	0.001419	11.0638	13.5063	3.00308
4728	5379.89	3787960	7.79746	0.906525	5308.26	0.00143629	9.95573	13.1083	3.00222
4734	5339.83	3787930	7.79794	1.23913	5314.26	0.00146948	11.0676	13.2404	3.01484
4740	5190.73	3786910	7.80182	0.770242	5315.81	0.00140884	12.5893	15.6912	2.99847
4746	5391.52	3787070	7.82336	0.840816	5316.37	0.00131527	10.7575	14.2603	3.00032
4752	5069.28	3786980	7.82088	0.911308	5322.99	0.00143932	9.85991	13.7452	3.00524
4758	5246.47	3786240	7.82241	0.928778	5327.47	0.00154327	8.73873	13.1475	3.00456
4764	5185.64	3785870	7.83826	0.693957	5330.76	0.0016364	8.4741	13.6397	2.99634
4770	5316.47	3785420	7.83708	0.921193	5331.6	0.00164883	9.45646	11.9093	3.01349
4776	5457.95	3785140	7.8582	1.26611	5335.71	0.00159291	11.1166	13.5405	2.99262
4782	5197.11	3784500	7.8679	0.913711	5341.35	0.00162786	11.6376	13.2914	3.00746
4788	5387.58	3784300	7.8786	0.766091	5347.45	0.00158859	9.78094	14.3072	2.99882
4794	5425.3	3783650	7.87783	0.917923	5347.27	0.00166961	9.37342	12.3778	2.99431
4800	5235.31	3783740	7.88667	0.821295	5344.36	0.00166401	8.83841	14.0688	3.01683
4806	5417.64	3783410	7.90345	1.13768	5339.97	0.00164311	11.6767	14.5918	2.99004
4812	5485.92	3782750	7.91458	0.667872	5332.82	0.00153472	11.2727	13.3481	2.98648
4818	5263.37	3782680	7.92158	0.248605	5329.45	0.00144241	10.6548	14.5224	2.99369
4824	5335.21	3782150	7.94016	0.987693	5332.69	0.00140791	10.9932	12.7417	3.00546
4830	5041.53	3781710	7.94202	1.3591	5332.86	0.00141048	11.3819	14.4635	2.99908
4836	5325.19	3781030	7.95005	1.0991	5326.66	0.00140657	9.70439	13.2157	3.01314
4842	5394.09	3781090	7.95195	0.986422	5320.42	0.00151801	9.24675	12.7718	2.98237
4848	5202.36	3780790	7.96979	1.06897	5325.12	0.00150097	11.2106	13.9021	3.00404
4854	5395.34	3780650	7.97494	1.28916	5326.57	0.00148783	8.92965	14.2288	2.9875
4860	5329.26	3779930	7.99582	0.762422	5325.79	0.00151656	11.1062	13.3836	2.99164
4866	5458.88	3779690	7.98831	1.10306	5332.29	0.00158256	11.3125	13.8714	3.01072
4872	5341.71	3779270	8.00197	1.02552	5335.08	0.00157471	9.83368	11.5821	2.99907
4878	5107.64	3778860	8.01466	0.771408	5339.65	0.0015681	10.9517	14.287	2.99014
4884	5389.32	3778440	8.02493	0.685976	5333.23	0.00158491	8.6776	13.3751	3.01235
4890	5339.77	3778060	8.02829	0.643437	5337.01	0.00165913	9.51442	14.0064	2.99447
4896	5189.33	3777670	8.04026	0.669231	5332.69	0.00146434	10.3522	13.9538	2.99752
4902	5233.64	3777430	8.05749	0.904897	5328.83	0.00137892	10.2208	15.8732	2.984
4908	5294.95	3776630	8.06551	1.28683	5328.36	0.00139364	10.3919	12.903	3.00472
4914	5172.68	3776650	8.07719	1.34459	5335.06	0.00135603	11.5465	14.8356	2.99309
4920	5202.14	3776150	8.08818	0.581612	5335.86	0.00134592	11.0735	12.6969	2.99949
4926	5358.41	3776140	8.08409	0.648621	5338.26	0.00130033	9.90296	13.0465	2.99433
4932	5294.27	3775630	8.09157	0.849438	5333.54	0.001336	10.7906	15.7104	3.01271
4938	5350.23	3775360	8.07879	1.13001	5332.69	0.00139085	10.1748	13.1266	3.01127
4944	5291.06	3775140	8.10261	1.02759	5332.99	0.001461	11.2823	15.5231	3.01186
4950	5615.44	3774690	8.11493	0.87196	5334.93	0.00152612	11.4131	13.9795	3.00455
4956	5469.2	3774370	8.13334	0.763021	5335.07	0.00150733	9.88157	14.4537	2.99798
4962	5256.37	3773610	8.12948	0.82183	5339.04	0.00161836	10.1287	14.2494	3.00601
4968	5232.03	3773280	8.14159	0.831972	5332.37	0.00153408	10.715	12.6458	3.0066
4974	5670.57	3773090	8.1564	0.700528	5336.13	0.00135005	9.32705	11.9024	3.00647
4980	5392.75	3772680	8.15808	0.659215	5336.21	0.00148013	10.789	13.4338	2.99225
4986	5299.86	3772180	8.16962	0.847264	5332.71	0.0015883	10.6136	12.7671	2.99259
4992	5402.12	3771910	8.18175	1.20559	5329.04	0.00162448	10.227	12.9478	2.98967
4998	5358.22	3771620	8.17903	1.05522	5324.22	0.00165135	11.5099	12.5192	3.01035
5004	5160.51	3771040	8.17929	0.960913	5331.17	0.00172237	10.5782	13.2356	3.0087
5010	5314.46	3770770	8.19675	1.12328	5326.27	0.00172904	12.1821	13.0881	3.00148
5016	5405.35	3770650	8.19631	0.910604	5319.92	0.00170444	10.8952	12.8677	3.01415
5022	5349.91	3770060	8.21553	1.00017	5322.36	0.00167767	10.8339	14.2921	3.00351
5028	5378.79	3769870	8.23091	0.823654	5321.85	0.00173567	10.4335	14.4355	3.0146
5034	5344.47	3769390	8.23879	0.53544	5325.6	0.00166855	9.10261	14.2584	3.01767
5040	5359.99	3769200	8.25466	0.961806	5327.79	0.00161373	10.0997	14.2996	2.99554
5046	5296.92	3768830	8.26687	1.13476	5326.11	0.00146743	9.871	12.8627	2.99712
5052	5365.45	3768350	8.27596	0.983917	5320.46	0.00138965	10.0913	12.2226	3.00215
5058	5266.59	3768010	8.29706	1.10278	5314.89	0.0014228	9.05059	13.3694	2.99837
5064	5210.32	3767710	8.29661	1.02682	5315.09	0.00138104	9.98397	14.8419	3.00828
5070	5172.66	3767520	8.29395	0.716531	5319.36	0.00147893	10.6815	14.4893	3.0024
5076	5215.66	3766930	8.30466	0.754058	5319.87	0.00150977	11.241	12.0239	3.00042
5082	5681.28	3766630	8.31122	0.985559	5319.64	0.00143713	9.52289	14.6885	2.99427
5088	5458.64	3765960	8.33682	1.07557	5315.37	0.00139836	12.6018	14.4653	3.00484
5094	5206.33	3765870	8.33319	0.616922	5310.61	0.0013855	10.3992	13.2951	2.99174
5100	5413.78	3765470	8.34595	0.459359	5303.67	0.0014162	11.2425	13.9924	3.01231
5106	5326.15	3765260	8.36019	0.841942	5302.31	0.00135906	11.643	13.5449	2.99048
5112	5077.6	3764780	8.35618	0.509832	5306.74	0.00134704	9.78753	13.2664	3.00722
5118	5198.75	3764400	8.37474	0.907599	5307.41	0.00130148	10.4395	14.9139	3.00099
5124	5389.31	3764150	8.37928	0.778417	5307.73	0.00137198	10.0335	14.911	2.98779
5130	5252.06	3763740	8.38532	0.921287	5314.04	0.00135794	10.1897	14.1798	2.98651
5136	5453.7	3763320	8.39122	1.25418	5315.81	0.00137686	8.81286	12.7495	3.00018
5142	5382.39	3763350	8.4066	1.2097	5316.51	0.00141032	10.4207	13.3156	2.9939
5148	5313.35	3762690	8.418	0.97544	5320.07	0.00139979	9.65409	14.6682	2.99472
5154	5307.53	3762460	8.41627	0.876425	5324.66	0.00150329	10.6543	13.7614	2.999
5160	5506.87	3761760	8.42465	0.801344	5323.73	0.00162944	9.88998	12.8524	3.00752
5166	5365.58	3761350	8.42849	0.98716	5320.2	0.00163841	10.6294	12.1982	3.00551
5172	5556.03	3761260	8.4513	0.627805	5321.32	0.00161213	10.3294	14.5264	3.00151
5178	5361.9	3760520	8.46416	1.01594	5318.17	0.00150194	9.70992	13.6457	3.00252
5184	5237.44	3760250	8.46835	0.792197	5315.18	0.00146686	10.1065	14.4835	2.98851
5190	5287.12	3759860	8.47763	0.910154	5319.81	0.00137374	10.6286	12.4266	2.98486
5196	5309.57	3759410	8.48969	0.748857	5324.4	0.00137531	10.11	14.27	3.00534
5202	5210.65	3758910	8.50246	1.17283	5323.27	0.0013135	9.38938	12.4913	3.00933
5208	5230.3	3759060	8.51297	0.488885	5321.58	0.00128467	10.7521	13.6551	3.0166
5214	5260.35	3758650	8.51935	0.881213	5315.79	0.00113654	10.8438	12.2565	3.01003
5220	5348.41	3758080	8.52444	0.817379	5313.23	0.00117524	11.6721	13.6283	2.98189
5226	5456.25	3758050	8.54694	0.713379	5312.22	0.00107051	7.92363	14.381	2.9933
5232	5420.86	3757380	8.54457	0.832894	5309.63	0.00117593	10.2582	13.0621	3.00235
5238	5446.18	3756610	8.56585	1.04141	5301.96	0.0010755	10.8062	13.3761	3.00961
5244	5305.96	3756870	8.56966	0.970993	5296.04	0.00114166	10.5308	15.1991	2.98885
5250	5420.64	3756380	8.5651	0.633407	5301.75	0.00121636	9.47709	13.6879	3.00658
5256	5178.3	3755970	8.5763	1.07573	5306.58	0.00125341	10.8633	14.0473	3.0016
5262	5269.34	3755470	8.57806	1.04239	5301.22	0.00129164	11.856	11.9503	2.98933
5268	5362.02	3755550	8.57991	0.984947	5303.91	0.00132875	12.5906	13.5641	2.98952
5274	5350.26	3754880	8.59194	1.12411	5304.71	0.00139568	8.26571	12.2077	3.00883
5280	5355.53	3754730	8.60565	0.711859	5301.05	0.00133664	12.6184	12.7483	2.99273
5286	5388.93	3754210	8.61101	1.02182	5297.11	0.0013993	10.6013	13.7954	2.99204
5292	5072.3	3753760	8.61592	1.08003	5302.46	0.00150492	10.9025	14.6904	2.98363
5298	5147.79	3753590	8.63017	0.577837	5305.77	0.00138204	9.9541	13.8268	3.00592
5304	5327.01	3753030	8.62446	1.29293	5308.85	0.00159005	11.4038	13.2159	2.99806
5310	5273.83	3752810	8.63402	1.03579	5308.17	0.00161126	10.3023	13.2868	3.00109
5316	5414.7	3752490	8.6451	0.959314	5312.24	0.00158608	12.5446	13.9799	2.9942
5322	5399.44	3752430	8.64388	1.38603	5308.18	0.00172436	9.82012	13.7682	3.00337
5328	5310.76	3751560	8.66363	1.16708	5314.58	0.00173698	10.8948	12.5733	3.01853
5334	5401.33	3751730	8.66156	0.590397	5317.49	0.00176574	11.0942	13.1164	2.99165
5340	5221.64	3751240	8.67352	0.883469	5316.26	0.00190633	8.72228	13.4013	3.00271
5346	5123.71	3751310	8.68933	0.978071	5310.47	0.00194417	11.2399	12.7555	3.00521
5352	5232.52	3750430	8.70065	0.724235	5305.68	0.00178753	10.5718	14.8863	2.99141
5358	5396.27	3750180	8.71157	1.02163	5309.66	0.00172592	10.9756	13.8913	2.98985
5364	5325.85	3749890	8.72669	0.873316	5308.62	0.00169625	10.2484	15.3468	3.00676
5370	5222.27	3749570	8.73533	0.89551	5309.02	0.00158425	10.8876	14.0692	3.00569
5376	5310.37	3749100	8.75163	1.18502	5305.35	0.00153685	10.3267	13.8542	2.98858
5382	5202.42	3748450	8.74558	0.955151	5300.48	0.00167224	10.7839	12.4178	2.98568
5388	5258.8	3748550	8.76297	0.547156	5299.49	0.00158176	11.3938	12.7944	2.99106
5394	5267.49	3748330	8.776	0.977943	5303.38	0.00147521	9.93476	13.8344	2.9857
5400	5283.09	3748060	8.78984	1.03595	5301.14	0.00133526	10.1426	13.0838	2.99511
5406	5241.53	3747290	8.80753	0.698776	5296.07	0.00119173	11.1133	12.7581	3.02008
5412	5608.14	3746810	8.81259	0.736635	5299.01	0.00114474	10.3978	15.2039	2.99242
5418	5162.77	3746750	8.82013	1.08222	5301.02	0.00119975	10.9783	10.2509	3.009
5424	5212.7	3745860	8.80673	1.08989	5304.23	0.00136993	9.1868	14.5291	2.99788
5430	5116.03	3746100	8.82459	0.982848	5309.42	0.00120417	12.6123	13.2768	3.00189
5436	5259.43	3746060	8.83534	0.825633	5312.34	0.00122743	10.6105	14.4144	3.01236
5442	5195.58	3745480	8.84913	1.05419	5309.07	0.00114846	10.0787	13.2038	2.99952
5448	5362.21	3744900	8.86567	0.888573	5305.17	0.00122336	11.1226	13.0324	3.00799
5454	5520.2	3744280	8.86118	0.439121	5306.37	0.00123521	11.6947	14.4378	3.01884
5460	5240.06	3744260	8.86204	0.777799	5306.18	0.001288	11.057	12.2964	3.01169
5466	5253.56	3743840	8.86663	0.736443	5308.49	0.00127416	8.42366	11.6105	3.02442
5472	5576.21	3743820	8.87823	0.736243	5310.76	0.00136244	9.99884	14.1127	3.0026
5478	5361.04	3743320	8.88571	0.706013	5309.38	0.00147756	11.1522	12.2452	2.97922
5484	5201.45	3742720	8.90085	1.10383	5314.51	0.001483	10.4359	13.5906	2.99769
5490	5352.37	3742030	8.90472	0.935677	5312.86	0.00141131	10.605	13.7198	2.9961
5496	5372.18	3742220	8.90718	0.758898	5307.56	0.001358	10.5855	11.8486	2.99358
5502	5306.44	3741220	8.92056	0.964587	5302.48	0.00140318	10.3319	12.4493	2.99118
5508	5254.1	3741470	8.92619	0.947285	5299.12	0.00151072	9.95893	13.6697	3.01959
5514	5404.14	3741180	8.94027	0.907124	5302.41	0.00141604	9.8907	13.6244	2.99986
5520	5374.21	3740430	8.94282	0.882521	5309.17	0.00139747	12.1467	12.5704	2.99032
5526	5462.22	3740390	8.94422	0.851126	5307.77	0.00147863	9.59984	14.0159	2.99963
5532	5528.35	3739970	8.95654	0.814165	5301.92	0.00165258	12.0084	14.1195	3.00623
5538	5407.89	3739370	8.95084	0.331723	5303.46	0.001701	11.2188	12.8643	3.00947
5544	5266.37	3738890	8.96524	1.12117	5307.8	0.00173895	10.082	12.3534	3.00503
5550	5341.24	3738770	8.97413	0.90971	5302.85	0.00180627	10.071	12.7669	3.00012
5556	5252.32	3738430	8.98503	0.873733	5301.76	0.0018037	11.8616	14.952	2.99966
5562	5474.32	3737990	9.01288	0.775977	5305.17	0.00171844	10.4838	12.8605	3.00368
5568	5358.97	3737540	9.01298	1.1165	5300.53	0.00171256	11.0498	13.3152	3.00663
5574	5503.64	3737500	9.01975	1.13776	5303.25	0.0018918	11.367	15.8483	3.00644
5580	5161.95	3737180	9.03203	0.791918	5297.96	0.00185632	10.2484	12.664	2.98679
5586	5336.7	3736920	9.04626	0.657653	5292.72	0.00166882	10.779	13.4757	2.99853
5592	4939.68	3736520	9.05255	1.00473	5287.4	0.00161918	10.2468	11.9845	3.00228
5598	5431.18	3736110	9.05622	0.857061	5288.46	0.00164426	9.48324	13.0294	2.98943
5604	5223.25	3735540	9.06753	0.872469	5294.38	0.00162344	10.8839	13.9016	3.00303
5610	5153.12	3735240	9.07213	1.27229	5290.44	0.00152119	12.3288	13.3779	2.9972
5616	5402.54	3734950	9.09202	0.589702	5288.78	0.0014207	11.0845	13.9214	2.98854
5622	5263.11	3734700	9.09337	0.677571	5292.74	0.00148189	11.28	13.0704	2.99555
5628	5223.79	3734200	9.10851	1.29313	5296.9	0.00150194	10.7675	12.2942	3.00987
5634	5339.77	3733950	9.11633	0.805594	5303.71	0.00147424	9.83035	14.1051	3.02355
5640	5203.8	3733750	9.1358	0.790992	5298.94	0.00146248	9.46455	11.8679	2.9977
5646	5291.39	3732910	9.13162	0.721237	5295.07	0.00133642	10.1576	13.9939	2.98813
5652	5254.61	3733020	9.13913	0.647363	5295.64	0.00132307	10.6477	12.8883	2.99206
5658	5387.82	3732760	9.14914	0.775542	5296.95	0.00141417	10.9643	14.5704	2.98975
5664	5300.51	3732170	9.16417	0.691266	5300.68	0.00131872	10.895	14.9515	3.00029
5670	5308.88	3732170	9.17204	0.903832	5305.24	0.00135182	9.40206	12.8472	2.99946
5676	5382.05	3731500	9.18277	0.866129	5305.88	0.0012378	10.8474	12.5134	2.98871
5682	5476.49	3731250	9.1792	0.818233	5301.56	0.00139119	9.5778	14.1315	3.02346
5688	5549.49	3731130	9.19549	1.15978	5296.3	0.00140363	9.87034	13.1325	3.00539
5694	5105.57	3730360	9.19644	0.887393	5295.26	0.00143608	12.3733	15.3217	2.98918
5700	5280.8	3730360	9.21275	0.662291	5292.45	0.00130656	9.53019	13.9969	3.00008
5706	5250.19	3729820	9.22874	0.639727	5297.54	0.00126415	9.2254	14.7436	3.00751
5712	5343.27	3729550	9.22299	1.02196	5300.84	0.00125031	11.9215	13.114	2.9933
5718	5446.97	3728940	9.23824	1.06609	5296.02	0.00123664	10.9339	14.5523	2.99069
5724	5610.05	3728690	9.24318	0.848296	5297.23	0.00116692	10.6398	12.8635	3.00422
5730	5127.72	3728280	9.25082	0.915437	5301.38	0.00133096	11.1113	13.1127	2.9789
5736	5293.87	3728190	9.25736	0.845779	5306.79	0.00147302	10.3586	13.5313	2.99436
5742	5131.63	3727580	9.25695	0.759104	5301.51	0.00152266	13.9809	13.3974	3.00497
5748	5244.43	3727190	9.27087	0.745429	5308.87	0.00141546	8.63739	12.352	3.02034
5754	5277.44	3727070	9.27754	0.93463	5314.23	0.00136211	11.9302	16.0363	2.99735
5760	5330.8	3726290	9.29095	0.790767	5310.19	0.00136436	12.008	13.5724	2.99361
5766	5307.82	3725980	9.31008	0.702665	5315.67	0.00143425	10.7621	15.6033	2.98409
5772	5418.91	3725720	9.301	0.983923	5311.2	0.00146761	10.6852	14.3342	3.00694
5778	5433.53	3725640	9.31195	0.835937	5311.47	0.00146336	11.3268	13.8513	3.01563
5784	5421.76	3725510	9.32636	0.704944	5308.9	0.00132862	11.2755	13.1443	2.99603
5790	5293.16	3724900	9.32997	0.979773	5304.66	0.00136884	11.1427	14.405	2.99883
5796	5263.28	3724590	9.33592	0.778003	5302.28	0.0013889	11.8221	13.1217	2.99863
5802	5329.63	3724290	9.34192	1.11099	5305.82	0.00148913	11.1225	10.921	3.00111
5808	5272.33	3723900	9.35664	1.16102	5310.75	0.00147373	10.6611	11.5367	3.00336
5814	5450.48	3723480	9.36615	0.707901	5304.5	0.00148787	9.46209	12.5105	3.01373
5820	5295.49	3723230	9.37422	0.78672	5302.05	0.00143052	11.5169	12.4245	2.99128
5826	5051.45	3722980	9.39678	0.63866	5306.31	0.00138984	10.5357	14.1871	3.01158
5832	5416.03	3722540	9.40331	0.911462	5301.89	0.0013112	10.3404	13.1014	2.98451
5838	5403.69	3722360	9.40534	1.17497	5306.59	0.00139256	10.7083	14.3493	3.01133
5844	5306.91	3721750	9.40655	0.689608	5301.62	0.00130871	8.89472	13.5015	3.00435
5850	5220.1	3721690	9.42276	1.15735	5306.51	0.00137794	10.8374	13.8429	2.98523
5856	5166	3721280	9.42538	0.849176	5307.02	0.00132968	14.7698	14.239	2.99632
5862	5761.45	3720800	9.44264	0.943273	5311.1	0.00130785	11.0272	12.665	3.01664
5868	5321.58	3720330	9.43846	0.6392	5311.58	0.00136965	12.4641	12.7292	3.00257
5874	5193.74	3719900	9.4483	1.01727	5312.35	0.00130171	11.665	15.3707	2.99475
5880	5487.76	3719460	9.45994	0.891395	5307.86	0.00127484	10.356	13.1037	2.99714
5886	5299.21	3719230	9.47348	1.04033	5303.14	0.00114052	13.307	13.4474	2.99905
5892	5287.54	3718980	9.48884	0.929917	5307.68	0.00110773	10.049	12.6734	3.01084
5898	5174.97	3718990	9.48591	1.084	5313	0.00105143	11.6147	12.8108	3.00245
5904	5147.85	3718160	9.50394	0.96412	5308.4	0.00103322	11.6733	13.1806	2.99229
5910	5426.98	3717750	9.50409	1.01586	5314.16	0.000993001	10.9682	14.011	3.0111
5916	5288.3	3717940	9.50991	0.710296	5313.49	0.00108504	10.0961	13.3313	2.98997
5922	5338.66	3717630	9.52321	1.00662	5313.01	0.00107583	10.7748	13.993	3.01143
5928	5223.11	3717100	9.52643	1.10348	5317.43	0.00115379	12.5223	15.1588	2.9934
5934	5311.88	3716540	9.54596	1.01902	5313.1	0.00114928	12.0663	14.279	2.99304
5940	5267.52	3716270	9.54603	0.768732	5319.06	0.00115196	10.9241	12.3275	2.99426
5946	5475.91	3715690	9.56494	1.25065	5314.58	0.00120202	10.8638	13.2912	2.9956
5952	5336.05	3715950	9.55858	1.01834	5321.07	0.00132202	11.6023	13.7659	2.98995
5958	5295.52	3715170	9.55065	0.8425	5320.66	0.0014047	11.1575	12.3019	2.99894
5964	5287.44	3714790	9.56726	1.0984	5319.93	0.00152361	11.3235	13.3589	3.0104
5970	5363.89	3714720	9.57212	0.912157	5316.34	0.00146277	10.0943	15.189	3.00338
5976	5244.96	3714230	9.58334	1.23933	5313.99	0.00148882	12.7748	14.9339	3.00304
5982	5292.14	3713880	9.59958	1.12043	5314.06	0.00139512	9.5238	10.7534	3.00053
5988	5307.91	3713810	9.61105	1.13119	5320.41	0.00133104	11.016	13.8102	3.00858
5994	5337.24	3713430	9.61813	0.720588	5321.26	0.00126523	10.4916	14.2129	2.99644
6000	5395.48	3712940	9.63603	1.32198	5313.94	0.00114179	11.6495	13.012	2.98647
6006	5179.53	3712380	9.63763	1.08191	5312.52	0.00102901	11.0554	14.2789	3.0077
6012	5091.66	3712210	9.64356	0.889612	5309.5	0.00108685	12.4248	12.9272	2.99478
6018	5406.09	3711890	9.64875	1.07567	5304.2	0.00117509	10.9316	13.1371	3.0017
6024	5358.9	3711800	9.65423	0.726706	5301.2	0.00128516	9.84145	13.4919	2.98706
6030	5270.88	3711390	9.65926	1.09162	5300.29	0.0014341	10.8006	12.9671	3.00131
6036	5398.49	3710850	9.66672	0.78116	5301.59	0.00148977	11.2027	13.1077	3.00514
6042	5411.43	3710490	9.67595	0.972062	5299.81	0.0014463	10.4184	14.5041	2.99725
6048	5052.73	3710340	9.68015	1.22929	5292.05	0.00148786	11.1484	14.4922	2.98856
6054	5340.26	3709370	9.68472	0.647275	5286.17	0.0016438	11.4589	13.9387	3.01144
6060	4987.98	3709190	9.70207	0.738699	5287.32	0.00154314	9.86594	14.1707	3.00114
6066	5343.66	3709360	9.70956	0.557467	5284.62	0.00166587	11.5423	14.1172	3.00559
6072	5239.3	3709300	9.72181	0.880983	5283.44	0.00170276	10.0186	13.6199	3.00175
6078	5398.62	3708490	9.72964	0.701089	5279.51	0.00162785	10.9912	14.0428	3.0034
6084	5113.07	3708350	9.73636	1.18218	5282.45	0.00149373	10.9039	14.4002	3.00702
6090	5460.65	3707630	9.74327	1.39197	5280.66	0.00158454	12.4935	14.3653	2.99414
6096	5442.36	3707810	9.74882	0.934404	5281.59	0.00165664	9.1835	14.786	3.00157
6102	5067.88	3707210	9.74779	0.991843	5287	0.00169642	11.7777	13.5053	2.99288
6108	5396.02	3707090	9.77414	0.921427	5288	0.00158471	10.6572	15.9917	2.99252
6114	5223.52	3706480	9.77793	0.719482	5294.42	0.00160822	9.58034	16.3055	2.99816
6120	5299.64	3706290	9.78892	0.850018	5296.34	0.00148112	11.1682	12.8016	3.00104
6126	5233.34	3705610	9.80686	1.30851	5295.79	0.00144586	12.4402	13.5671	2.98433
6132	5214.85	3705210	9.80399	0.811506	5292.66	0.00140325	11.1766	14.792	2.99007
6138	5456.73	3704980	9.82226	1.06865	5290.27	0.00140378	8.84333	13.8385	3.00836
6144	5167.47	3704790	9.8324	1.10252	5291.15	0.00143806	10.8141	12.4241	2.98956
6150	5111.02	3705100	9.82408	0.627181	5287.93	0.00142817	11.1514	13.8771	3.00858
6156	5066.87	3704040	9.84076	0.561678	5293.22	0.00132429	9.03557	13.9682	2.99092
6162	5306.78	3703610	9.85956	1.08627	5293.65	0.00120812	10.2336	13.8073	3.00441
6168	5031.73	3703700	9.86348	0.979218	5288.42	0.00120641	9.49349	16.2211	3.00698
6174	5420.79	3703190	9.86233	1.20873	5288.58	0.00121923	9.82417	11.0065	3.01061
6180	5341.5	3702840	9.88264	0.597927	5286.53	0.00119012	10.9501	12.8991	2.99577
6186	5309.46	3702490	9.89494	1.11497	5285.84	0.00113093	10.7654	13.0644	3.00273
6192	5487.79	3702250	9.90296	1.18465	5291.71	0.0011352	10.4852	13.6161	2.97357
6198	5290.36	3701990	9.89741	0.889094	5287.57	0.00118992	11.0461	13.3313	3.0029
6204	5350.94	3701690	9.91161	1.17804	5293.04	0.0011546	12.3196	14.223	3.00934
6210	5590.06	3701320	9.91762	1.171	5289.88	0.00126189	8.9691	12.0758	2.99154
6216	5244.27	3700730	9.92113	1.01075	5294.92	0.00142394	10.8704	12.3349	2.98913
6222	5314.59	3700350	9.93137	0.923094	5297.26	0.00128995	9.95676	13.9002	2.98764
6228	5198.17	3700640	9.93925	0.486129	5295.17	0.00126108	11.0599	13.287	3.00454
6234	5357.85	3699520	9.94718	1.0098	5290.98	0.001177	9.91387	13.4891	3.01445
6240	5318.55	3699630	9.95634	0.996348	5288.93	0.0011741	11.8441	12.8235	3.00877
6246	5227.85	3699010	9.9687	0.888177	5284.65	0.00126757	10.6093	12.5612	3.00846
6252	5327.9	3698580	9.96104	0.740725	5288.53	0.00117087	10.1836	14.0744	3.00003
6258	5538.69	3698570	9.97999	0.919343	5283.79	0.0011752	10.0734	14.3654	2.99621
6264	5169.21	3697800	9.99639	0.882641	5282.83	0.00120063	10.1937	13.2841	3.015
6270	5530.21	3697910	9.99808	0.670394	5279.52	0.00126633	11.6641	13.0996	3.00724
6276	5151.11	3697360	10.0174	1.07409	5284.51	0.00119876	10.7262	14.6551	2.99286
6282	5304.27	3697260	10.0146	0.800401	5281.01	0.00116476	11.2151	14.1586	3.00807
6288	5156.31	3696470	10.0255	1.09007	5287.57	0.00114674	10.13	12.5094	2.98824
6294	5127.96	3696490	10.0317	0.887636	5291.79	0.0011853	9.51528	12.1577	2.99623
6300	5336.01	3696140	10.0422	0.781247	5295.75	0.00116198	13.1154	12.1442	3.00135
6306	5323.17	3695860	10.0535	0.771606	5296.1	0.00104431	11.8693	14.3413	3.00074
6312	5311.39	3695750	10.0545	0.78447	5295	0.00104403	12.1694	13.4108	2.98768
6318	5066.8	3694870	10.0638	0.962339	5293.33	0.00115296	11.7753	14.217	3.00249
6324	5366.65	3694900	10.0687	1.1862	5292.33	0.00123811	10.6098	11.9493	3.00947
6330	5442.09	3694330	10.0726	0.55897	5287.64	0.00128016	9.97588	12.2109	3.00465
6336	5210.61	3694160	10.0778	1.07204	5283.67	0.00125815	10.5732	12.6871	3.00882
6342	5270.96	3693480	10.0899	0.982698	5287.65	0.00125323	11.3581	11.9587	3.01041
6348	5139.42	3693610	10.1048	0.956261	5281.66	0.00120557	10.1434	15.4654	2.99218
6354	5240.28	3693530	10.1144	1.18311	5278.53	0.00111075	10.924	12.8047	2.977
6360	5383.52	3693050	10.1229	0.851143	5283.82	0.00103598	10.6571	13.6331	2.98823
6366	5249.46	3692470	10.1307	0.781581	5285.36	0.00114662	10.8164	13.9662	3.01433
6372	5210.05	3692140	10.1367	0.861809	5280.32	0.00119802	10.496	13.1783	3.01595
6378	5413.19	3691860	10.1388	0.946176	5280.77	0.00120692	12.1776	12.2456	3.012
6384	5099.25	3691650	10.146	0.887972	5277.15	0.00118548	10.5564	14.4653	3.0052
6390	5320.94	3691130	10.1536	0.972208	5274	0.0011507	11.0697	13.856	2.99527
6396	5258.5	3691040	10.1622	1.3392	5272.12	0.00127505	10.012	14.1373	3.01367
6402	5056.44	3690420	10.1598	0.699192	5266.94	0.00142287	12.3747	10.2683	2.97861
6408	5242.27	3689920	10.177	0.951394	5267.2	0.0012965	11.1694	13.7359	2.99943
6414	5211.52	3690240	10.1818	0.868697	5263.52	0.001346	11.2761	13.7556	2.98362
6420	5404.05	3689660	10.1957	0.706926	5261.68	0.0013813	10.7142	12.8087	2.98776
6426	5212.22	3689510	10.1887	1.02441	5265.7	0.00147105	10.2679	12.7723	3.00697
6432	5377.2	3688580	10.1996	1.15823	5266.16	0.00151158	11.0242	14.111	3.01114
6438	5108.71	3688850	10.2175	0.924429	5269.47	0.00140044	11.1277	13.877	3.00384
6444	5273.54	3688250	10.2153	0.916767	5265.09	0.00136971	9.08942	14.1341	2.98167
6450	5361.13	3687900	10.2407	0.993623	5262.44	0.00131313	11.1517	13.6746	3.00218
6456	5400.23	3687250	10.2491	0.989084	5260.27	0.00129336	11.1861	12.2184	2.99402
6462	5576.9	3687110	10.2562	0.839713	5257.6	0.00136783	10.3822	13.0581	3.00818
6468	5161.65	3686850	10.2485	0.881926	5262.03	0.00150388	10.4122	14.7438	2.99847
6474	5245.14	3686710	10.2728	1.07514	5268.12	0.00140568	9.72911	11.721	3.00016
6480	4979	3686190	10.2836	1.42316	5265.11	0.00128759	10.474	14.6214	3.01803
6486	5326.12	3686010	10.2978	0.768569	5266.05	0.00124168	11.4133	13.3351	3.00054
6492	5071.86	3685370	10.3034	0.973015	5262.96	0.00115174	9.93373	12.7378	3.00005
6498	5370.8	3684890	10.305	0.583523	5256.03	0.00116623	11.5173	13.2161	3.00363
6504	5425.14	3684980	10.3185	0.92723	5259.23	0.00105269	13.0515	12.7328	3.00113
6510	5167.65	3684290	10.3174	0.986432	5260.37	0.0012418	10.4623	12.6598	3.01065
6516	5153.65	3684070	10.3213	1.23839	5265.59	0.00131544	9.53417	14.2978	2.99862
6522	5215	3683840	10.3378	0.586293	5266.29	0.00124993	11.5521	13.7878	2.98939
6528	5267.26	3683570	10.3387	0.802138	5263.18	0.00133889	11.2783	12.8679	2.987
6534	5327.56	3683340	10.3338	0.803088	5263.15	0.00139238	9.60676	12.2537	2.98991
6540	5251.68	3682430	10.3542	0.871402	5265.94	0.00140394	10.4442	13.6002	2.99018
6546	5097.41	3682500	10.3578	1.02394	5264.1	0.00137088	11.027	12.5275	2.99257
6552	5434.83	3682060	10.374	0.960587	5264.48	0.00130265	11.9292	13.4452	3.02156
6558	5333.15	3682240	10.3899	0.582078	5267.01	0.00133502	9.03385	13.1702	3.00235
6564	5235.71	3681790	10.3933	0.872086	5272.74	0.00136907	10.777	12.7315	3.00579
6570	5322.75	3681440	10.3949	1.07921	5268.99	0.0013188	10.206	13.0321	3.00403
6576	5349.08	3681030	10.4053	0.714428	5265.49	0.00148639	9.74606	12.497	2.99206
6582	5235.64	3680610	10.4098	0.883276	5263.26	0.00153376	10.2095	13.5736	2.98172
6588	5500.12	3680260	10.4227	0.907406	5257.6	0.00148398	10.3544	12.4407	2.9939
6594	5235.58	3680110	10.4296	0.669678	5257.26	0.0014638	9.24201	11.7445	3.00948
6600	5288.12	3679960	10.4381	1.06742	5252.34	0.00153759	10.3015	13.2974	2.98893
6606	5208.17	3678910	10.4441	0.667361	5248.74	0.00156403	9.85497	13.0049	2.9907
6612	5094.04	3678630	10.4558	1.10373	5250.12	0.00148477	11.3098	14.3051	2.99974
6618	5380.27	3678480	10.468	0.817608	5251.52	0.00144217	11.2345	14.7688	2.98597
6624	5062.55	3678270	10.4695	0.896933	5258.39	0.00155607	10.9151	13.4818	2.99615
6630	5440.57	3677860	10.48	0.927238	5263.18	0.00157215	11.0206	12.4052	3.00453
6636	5281.78	3677370	10.4862	1.31614	5269.49	0.00144271	9.79004	14.4033	3.01299
6642	5259.26	3677520	10.4928	0.977432	5271.13	0.00147349	10.3647	11.4962	3.01222
6648	5148.2	3677160	10.5086	1.23736	5275	0.00142918	11.3735	12.1084	2.99047
6654	5194.51	3676980	10.5139	1.11188	5273.01	0.00135517	10.2547	13.4754	3.01374
6660	5165.01	3676100	10.5141	1.10694	5274.94	0.00138313	12.1568	15.0467	3.00699
6666	5433.96	3676120	10.5262	0.920623	5277.12	0.00135767	10.9946	13.5284	2.99146
6672	5410.31	3675990	10.5362	0.671841	5281.42	0.00139459	11.0124	13.5381	2.9991
6678	5278.48	3675330	10.5471	0.901755	5282.52	0.00129244	10.8806	12.0685	2.99543
6684	5302.37	3675330	10.5633	0.68879	5288.57	0.00128908	11.1035	14.4042	3.00737
6690	5320.14	3674620	10.5676	1.20032	5288.58	0.00118335	10.2363	13.4984	3.00228
6696	5518.93	3674470	10.5772	1.03095	5284.59	0.00120327	10.0488	11.7672	3.00163
6702	5301.01	3673960	10.5758	0.793466	5288.92	0.00124803	9.67649	12.9504	3.01385
6708	5226.42	3673740	10.5883	0.821963	5294.41	0.00124344	10.7867	12.6847	2.99045
6714	5389.23	3673140	10.5977	0.887621	5289.27	0.00124303	9.73269	13.1265	3.00355
6720	5148.19	3673290	10.6075	0.723672	5290.48	0.0013008	11.3046	11.679	2.98382
6726	5196.72	3672750	10.6251	0.502319	5286.91	0.00116714	11.0048	13.5257	2.99825
6732	5370.81	3672650	10.6131	1.07563	5282.31	0.00140361	11.0591	11.5145	3.00593
6738	5258.22	3672210	10.6202	0.854632	5278.4	0.00148281	10.943	12.0487	3.00203
6744	5030	3671790	10.6283	0.977225	5282.09	0.00142643	10.195	14.2749	3.00787
6750	5354.32	3671450	10.6412	1.10646	5278.84	0.00131924	10.131	13.61	3.00802
6756	5415.7	3671050	10.648	0.967463	5275.25	0.00131429	11.9223	13.0595	3.01382
6762	5212.33	3670480	10.6424	0.945083	5273.58	0.00139946	11.7861	14.5412	2.99108
6768	5095.92	3670600	10.6574	1.0329	5279.66	0.00143907	9.98591	13.1307	3.00182
6774	5477.18	3670030	10.6709	0.839479	5282.53	0.00131433	10.4689	11.8275	2.99895
6780	5406.92	3669680	10.686	0.625868	5284.97	0.00135566	11.4984	12.3758	2.98857
6786	5209.29	3669370	10.6902	1.08556	5280.24	0.00131089	11.5357	14.653	2.99855
6792	5237.64	3669370	10.7063	0.662371	5273.83	0.00114202	10.04	14.0855	2.99026
6798	5303.39	3668710	10.7065	0.916927	5279.01	0.00122246	9.70506	13.16	2.98674
6804	5279.34	3668180	10.7308	0.762982	5278.04	0.00108545	10.4961	13.7115	3.00356
6810	5081.55	3668180	10.7364	0.803592	5281.38	0.00107397	12.1374	11.4823	2.99153
6816	5537.6	3667460	10.7399	0.864915	5285.5	0.00101273	12.0323	13.5462	2.99575
6822	5179.92	3667440	10.7448	0.856945	5286.72	0.00107044	8.35283	13.885	3.00501
6828	5030.1	3667160	10.7479	0.886219	5285.4	0.00106033	11.7014	13.4248	2.99359
6834	5149.42	3666750	10.7639	0.882997	5288.86	0.00111763	13.4767	13.1626	3.01745
6840	5340.67	3666220	10.768	1.13181	5288.5	0.00115327	11.7583	13.5282	3.01629
6846	5239.03	3666220	10.7614	0.949038	5282.66	0.00129369	11.6398	11.5364	2.99544
6852	5336.36	3666170	10.7736	1.1116	5280.99	0.00128138	11.2757	15.4708	3.00068
6858	5506.94	3665670	10.7745	0.862462	5280.87	0.00140962	9.02234	10.968	3.01011
6864	5288.36	3665230	10.7884	0.858956	5286.59	0.00147515	12.4384	14.084	3.00193
6870	5064.15	3664850	10.8014	1.12448	5282.71	0.00139345	10.5799	15.2022	3.00478
6876	5375.36	3664630	10.8096	0.90733	5279.09	0.00133477	10.4985	15.5225	2.97981
6882	5018.83	3664190	10.8075	0.799267	5276.74	0.00135381	11.2588	14.0393	2.99872
6888	5362.44	3663530	10.8314	1.23039	5274.46	0.00120821	10.4254	14.1771	2.99082
6894	5123.46	3663970	10.8412	1.01976	5272.7	0.00120177	11.5353	14.5961	2.99298
6900	5260.82	3663400	10.8559	0.889293	5270.85	0.00119414	10.0167	12.4329	2.99943
6906	5239.83	3663200	10.8476	0.919885	5270.83	0.00114828	9.39488	15.2431	2.99941
6912	5196.17	3662880	10.8651	0.855897	5273.48	0.00116192	10.5509	14.0032	3.0022
6918	5340.74	3662620	10.8606	0.848479	5279.21	0.00108454	11.1466	13.1189	3.00482
6924	5494.2	3662110	10.8794	0.877011	5284.04	0.00120867	10.6733	14.0988	3.00363
6930	4939.15	3661670	10.8811	1.0913	5285.08	0.00125925	12.1721	12.7094	3.01006
6936	5299.17	3660900	10.8791	0.952367	5283.62	0.00139119	11.5796	13.9168	2.99771
6942	5318.94	3660880	10.8915	1.00344	5285.28	0.0013103	11.2037	12.394	2.98306
6948	5346.39	3660750	10.9021	0.780829	5286.56	0.00117357	9.26072	14.8379	3.00174
6954	5236.84	3660400	10.9185	0.799586	5282.82	0.00117429	11.1633	12.8336	2.99487
6960	5372.89	3660420	10.9227	0.777166	5287.93	0.00112474	10.5525	12.9188	2.9932
6966	5373.92	3659650	10.9306	1.32352	5284.93	0.00112402	10.5127	10.7711	2.98366
6972	5100.52	3659560	10.9401	1.08352	5289.41	0.00114067	10.1792	13.8739	2.97648
6978	5284.95	3658880	10.9408	1.10338	5290.25	0.0012276	11.3469	13.7532	3.00707
6984	5367.25	3658890	10.9515	1.089	5292	0.00120742	11.4035	15.3871	3.00269
6990	5164.05	3658170	10.9537	0.955585	5293.27	0.00135765	10.3712	13.3375	2.98819
6996	5244.53	3658250	10.9696	0.999064	5292.18	0.00130504	9.09343	13.0703	3.00646
7002	5302.69	3657640	10.9649	1.1474	5295.86	0.00135437	10.1083	14.9284	3.01741
7008	5152.86	3657050	10.9907	0.953841	5296.16	0.00118603	9.13543	15.3507	2.97538
7014	5218.08	3657100	10.9971	0.779757	5291.75	0.00114863	11.2646	10.9289	2.99534
7020	5101.69	3656740	11.0066	0.84104	5295.19	0.00116561	11.6841	11.9972	3.00561
7026	5394.78	3656750	11.0147	0.609513	5292.14	0.00112843	11.1263	12.8837	3.00412
7032	5323.63	3655970	11.009	0.807244	5291.57	0.00125258	11.6686	13.6167	3.00318
7038	5129.62	3656080	11.0255	0.841339	5285.37	0.00130404	10.6471	12.9236	2.98998
7044	5303.45	3655770	11.0379	0.621883	5287.51	0.00119713	13.0726	12.4343	3.01747
7050	5320.36	3655220	11.0373	0.94892	5290.84	0.0013331	11.5516	15.2262	2.99786
7056	5035.23	3654660	11.0499	1.14729	5286.82	0.00130176	10.4641	13.0539	2.99472
7062	5189.51	3654410	11.0587	0.995316	5286.2	0.00115533	10.8141	14.4605	2.99673
7068	5342.39	3654670	11.0705	0.726561	5287.96	0.00104156	11.8253	14.4559	2.99592
7074	5416.29	3653570	11.0741	0.967525	5280.54	0.00122511	11.3246	14.2899	2.98579
7080	5306.15	3654120	11.0693	0.698015	5275.39	0.00139702	11.5238	12.5825	3.00234
7086	5312.27	3653320	11.0824	1.0404	5269.58	0.00130787	10.326	13.6292	2.98675
7092	5272.56	3652820	11.0999	1.06368	5271.44	0.00127875	11.3672	11.698	3.0072
7098	5038.16	3652390	11.0969	1.01142	5266.19	0.00142527	11.875	12.7637	3.00439
7104	5346.91	3652170	11.0981	0.228681	5267.75	0.00147929	11.6888	14.0747	2.98852
7110	5440.26	3652200	11.1052	0.861845	5269.67	0.00151991	11.5074	13.8623	2.99095
7116	5110.7	3651710	11.124	0.897163	5276.9	0.0013414	10.1916	12.4075	3.01149
7122	5457.61	3651550	11.1304	0.861894	5277.34	0.00128347	11.591	13.4444	3.00054
7128	4946.72	3650690	11.1473	1.21311	5279.23	0.00126053	12.5642	13.9325	2.99007
7134	5335.67	3650810	11.1424	0.760518	5283.51	0.00133249	11.0788	14.2222	3.00726
7140	5013.29	3650740	11.1533	0.930389	5284.64	0.0013428	10.9283	13.0141	2.98515
7146	5371.63	3650010	11.1691	0.750881	5279.46	0.00133705	9.65739	13.6981	2.98881
7152	5231.57	3649700	11.1739	0.841567	5282.83	0.0013137	13.2617	13.5051	2.99235
7158	5527.42	3649350	11.1756	0.584003	5283.99	0.0011842	11.8259	14.8736	2.99831
7164	5357.83	3648750	11.1943	1.08591	5285.91	0.00117571	12.6526	14.0035	2.99531
7170	5280.35	3648680	11.2006	1.0873	5291.03	0.00114655	9.9396	14.8883	3.00237
7176	5069.84	3648380	11.2027	0.633397	5286.6	0.00107342	12.0395	12.072	3.01777
7182	5315.79	3647980	11.241	1.07621	5290.9	0.000934282	10.3641	13.8635	2.99278
7188	5230.44	3647710	11.2239	0.94025	5297.63	0.00100256	10.127	13.4907	3.00542
7194	5335.74	3647280	11.2337	0.744718	5292.01	0.00100876	10.5841	13.5423	2.99107
7200	5137.31	3647160	11.2385	0.802739	5291.28	0.00107834	12.1317	11.7299	2.98915
7206	5446.41	3647180	11.2332	0.657283	5292.19	0.00118465	10.8708	13.0504	3.00918
